video_number,primary_view,start_frame,end_frame,position,difficulty,armstand,rotation_type,ss_no,tw_no,final_score
1.0,0.0,7377.0,7462.0,2.0,3.2,0.0,2.0,7.0,0.0,88.0
1.0,0.0,8649.0,8738.0,2.0,3.2,0.0,2.0,7.0,0.0,86.4
1.0,0.0,10036.0,10124.0,1.0,3.2,0.0,0.0,5.0,3.0,75.2
1.0,0.0,11444.0,11540.0,2.0,3.2,0.0,2.0,7.0,0.0,72.0
1.0,0.0,12860.0,12969.0,1.0,3.2,0.0,0.0,5.0,3.0,72.0
1.0,0.0,14062.0,14224.0,1.0,3.0,0.0,1.0,7.0,0.0,73.5
1.0,0.0,15355.0,15528.0,1.0,3.0,0.0,1.0,7.0,0.0,66.0
1.0,0.0,16985.0,17113.0,0.0,3.6,1.0,0.0,4.0,5.0,77.4
1.0,0.0,18193.0,18346.0,1.0,3.0,0.0,1.0,7.0,0.0,61.5
1.0,0.0,19696.0,19807.0,2.0,3.2,0.0,2.0,7.0,0.0,81.6
1.0,0.0,20799.0,20944.0,1.0,3.0,0.0,1.0,7.0,0.0,72.0
1.0,0.0,22525.0,22656.0,2.0,3.2,0.0,2.0,7.0,0.0,67.2
1.0,0.0,24120.0,24227.0,2.0,3.3,0.0,0.0,7.0,0.0,89.1
1.0,0.0,25360.0,25512.0,1.0,3.0,0.0,1.0,7.0,0.0,73.5
1.0,0.0,26449.0,26589.0,1.0,3.0,0.0,1.0,7.0,0.0,76.5
1.0,0.0,27882.0,27962.0,1.0,3.2,0.0,0.0,5.0,3.0,81.6
1.0,0.0,28948.0,29076.0,1.0,2.9,0.0,1.0,5.0,2.0,72.5
1.0,0.0,30395.0,30504.0,1.0,3.2,0.0,0.0,5.0,3.0,76.8
1.0,0.0,31736.0,31843.0,1.0,3.6,0.0,0.0,5.0,5.0,59.4
1.0,0.0,33341.0,33452.0,0.0,3.2,1.0,0.0,4.0,3.0,81.6
1.0,0.0,34815.0,34963.0,2.0,3.7,0.0,1.0,9.0,0.0,81.4
1.0,0.0,36413.0,36493.0,2.0,3.2,0.0,2.0,7.0,0.0,76.8
1.0,0.0,37673.0,37768.0,1.0,3.0,0.0,1.0,7.0,0.0,58.5
1.0,0.0,38916.0,39029.0,1.0,3.2,0.0,0.0,5.0,3.0,78.4
1.0,0.0,40506.0,40631.0,0.0,3.6,1.0,0.0,4.0,5.0,81.0
1.0,0.0,41926.0,42029.0,2.0,3.2,0.0,2.0,7.0,0.0,86.4
1.0,0.0,43276.0,43360.0,2.0,3.2,0.0,2.0,7.0,0.0,81.6
1.0,0.0,44388.0,44540.0,1.0,3.0,0.0,1.0,7.0,0.0,72.0
1.0,0.0,45977.0,46087.0,1.0,3.6,0.0,0.0,5.0,5.0,73.8
1.0,0.0,47452.0,47556.0,2.0,3.2,0.0,2.0,7.0,0.0,51.2
1.0,0.0,48475.0,48625.0,1.0,3.0,0.0,1.0,7.0,0.0,76.5
1.0,0.0,50040.0,50130.0,2.0,3.3,1.0,0.0,6.0,0.0,66.0
1.0,0.0,53431.0,53528.0,2.0,3.4,1.0,3.0,6.0,0.0,91.8
1.0,0.0,54522.0,54648.0,2.0,3.3,0.0,3.0,7.0,0.0,74.25
1.0,0.0,55645.0,55745.0,1.0,3.0,0.0,1.0,7.0,0.0,67.5
1.0,0.0,56885.0,56993.0,1.0,3.6,0.0,0.0,7.0,0.0,88.2
1.0,0.0,58385.0,58493.0,2.0,3.3,1.0,3.0,6.0,0.0,39.6
1.0,0.0,59756.0,59844.0,2.0,3.2,0.0,2.0,7.0,0.0,72.0
1.0,0.0,61304.0,61422.0,2.0,3.3,0.0,0.0,7.0,0.0,79.2
1.0,0.0,62747.0,62853.0,2.0,3.2,0.0,2.0,7.0,0.0,72.0
1.0,0.0,64175.0,64292.0,2.0,3.2,0.0,2.0,7.0,0.0,86.4
1.0,0.0,65424.0,65572.0,2.0,3.7,0.0,1.0,9.0,0.0,83.25
1.0,0.0,66843.0,66952.0,2.0,3.2,0.0,2.0,7.0,0.0,67.2
1.0,0.0,68198.0,68378.0,2.0,3.7,0.0,1.0,9.0,0.0,86.95
1.0,0.0,69569.0,69722.0,1.0,3.8,0.0,1.0,5.0,6.0,81.7
1.0,0.0,71241.0,71346.0,1.0,3.6,0.0,0.0,5.0,5.0,79.2
1.0,0.0,72565.0,72667.0,2.0,3.3,0.0,0.0,7.0,0.0,74.25
1.0,0.0,73546.0,73659.0,1.0,3.0,0.0,1.0,7.0,0.0,72.0
1.0,0.0,74602.0,74756.0,1.0,3.0,0.0,1.0,7.0,0.0,76.5
1.0,0.0,76158.0,76250.0,2.0,3.2,0.0,2.0,7.0,0.0,76.8
1.0,0.0,77606.0,77711.0,2.0,3.2,0.0,2.0,7.0,0.0,62.4
1.0,0.0,78715.0,78883.0,2.0,3.7,0.0,1.0,9.0,0.0,68.45
1.0,0.0,80321.0,80420.0,2.0,3.3,0.0,0.0,7.0,0.0,85.8
1.0,0.0,82136.0,82253.0,0.0,3.2,1.0,0.0,4.0,3.0,81.6
1.0,0.0,83427.0,83545.0,1.0,3.6,0.0,0.0,7.0,0.0,21.6
1.0,0.0,84855.0,84940.0,1.0,3.5,0.0,2.0,7.0,0.0,71.75
1.0,0.0,86297.0,86381.0,2.0,3.2,0.0,2.0,7.0,0.0,73.6
1.0,0.0,87617.0,87715.0,1.0,3.5,1.0,0.0,6.0,0.0,99.75
1.0,0.0,89003.0,89142.0,2.0,3.7,0.0,1.0,9.0,0.0,88.8
1.0,0.0,90440.0,90565.0,2.0,3.2,0.0,2.0,7.0,0.0,76.8
1.0,0.0,91856.0,91956.0,2.0,3.2,0.0,2.0,7.0,0.0,78.4
1.0,0.0,93370.0,93493.0,2.0,3.3,1.0,0.0,6.0,0.0,70.95
1.0,0.0,94812.0,94927.0,2.0,3.2,0.0,2.0,7.0,0.0,59.2
1.0,0.0,98885.0,98984.0,1.0,3.0,0.0,1.0,7.0,0.0,66.0
1.0,0.0,100000.0,100109.0,1.0,3.6,0.0,0.0,7.0,0.0,100.8
1.0,0.0,101525.0,101647.0,2.0,3.3,1.0,0.0,7.0,0.0,75.9
1.0,0.0,102634.0,102752.0,2.0,3.7,0.0,1.0,9.0,0.0,83.25
1.0,0.0,103771.0,103921.0,1.0,3.0,0.0,1.0,7.0,0.0,52.5
1.0,0.0,105481.0,105603.0,2.0,3.3,1.0,0.0,6.0,0.0,18.15
1.0,0.0,107603.0,107710.0,2.0,3.2,0.0,2.0,7.0,0.0,76.8
1.0,0.0,108915.0,109023.0,2.0,3.3,0.0,3.0,7.0,0.0,87.45
1.0,0.0,110494.0,110598.0,1.0,3.6,0.0,0.0,7.0,0.0,64.8
1.0,0.0,112214.0,112356.0,0.0,3.6,1.0,0.0,4.0,5.0,57.6
1.0,0.0,113682.0,113799.0,2.0,3.3,0.0,0.0,7.0,0.0,52.8
1.0,0.0,115332.0,115441.0,2.0,3.3,0.0,3.0,7.0,0.0,82.5
1.0,0.0,117119.0,117232.0,2.0,3.3,1.0,0.0,6.0,0.0,75.9
1.0,0.0,118770.0,118870.0,2.0,3.2,0.0,2.0,7.0,0.0,80.0
1.0,0.0,120249.0,120343.0,2.0,3.2,0.0,2.0,7.0,0.0,81.6
1.0,0.0,121529.0,121622.0,2.0,3.3,0.0,0.0,7.0,0.0,64.35
1.0,0.0,123052.0,123141.0,2.0,3.2,0.0,2.0,7.0,0.0,81.6
1.0,0.0,124297.0,124420.0,2.0,3.3,1.0,0.0,6.0,0.0,72.6
1.0,0.0,125896.0,126003.0,0.0,3.6,1.0,0.0,4.0,5.0,55.8
1.0,0.0,127399.0,127522.0,2.0,3.3,0.0,0.0,7.0,0.0,29.7
1.0,0.0,129404.0,129533.0,2.0,4.1,0.0,2.0,9.0,0.0,77.9
1.0,0.0,130720.0,130865.0,2.0,3.7,0.0,1.0,9.0,0.0,77.7
1.0,0.0,132224.0,132311.0,2.0,3.2,0.0,2.0,7.0,0.0,92.8
1.0,0.0,133647.0,133765.0,2.0,3.3,1.0,0.0,6.0,0.0,37.95
1.0,0.0,134867.0,135023.0,2.0,3.7,0.0,1.0,9.0,0.0,88.8
1.0,0.0,136327.0,136433.0,2.0,3.3,0.0,3.0,7.0,0.0,94.05
1.0,0.0,137935.0,138047.0,1.0,3.5,1.0,0.0,6.0,0.0,92.75
1.0,0.0,139350.0,139465.0,0.0,3.1,1.0,1.0,4.0,2.0,74.4
1.0,0.0,141044.0,141186.0,1.0,3.5,1.0,0.0,6.0,0.0,89.25
1.0,0.0,142480.0,142594.0,2.0,3.3,0.0,0.0,7.0,0.0,54.45
1.0,0.0,143779.0,143876.0,2.0,3.3,0.0,0.0,7.0,0.0,39.6
1.0,0.0,144952.0,145080.0,2.0,3.7,0.0,1.0,9.0,0.0,94.35
1.0,0.0,148650.0,148737.0,2.0,3.3,0.0,0.0,7.0,0.0,84.15
1.0,0.0,149787.0,149953.0,2.0,3.7,0.0,1.0,9.0,0.0,92.5
1.0,0.0,151139.0,151244.0,2.0,3.2,0.0,2.0,7.0,0.0,73.6
1.0,0.0,152496.0,152602.0,2.0,3.3,0.0,3.0,7.0,0.0,74.25
1.0,0.0,154050.0,154169.0,2.0,3.2,0.0,2.0,7.0,0.0,68.8
1.0,0.0,155352.0,155468.0,2.0,3.3,0.0,0.0,7.0,0.0,37.95
1.0,0.0,157175.0,157291.0,0.0,3.2,1.0,0.0,4.0,3.0,64.0
1.0,0.0,158582.0,158700.0,1.0,3.6,0.0,0.0,7.0,0.0,84.6
1.0,0.0,160091.0,160212.0,0.0,3.2,1.0,0.0,4.0,3.0,70.4
1.0,0.0,161455.0,161579.0,2.0,3.3,0.0,0.0,7.0,0.0,89.1
1.0,0.0,162864.0,162991.0,1.0,2.9,0.0,3.0,5.0,0.0,37.7
1.0,0.0,164735.0,164857.0,0.0,3.6,1.0,0.0,4.0,5.0,77.4
1.0,0.0,166550.0,166658.0,2.0,4.1,0.0,2.0,9.0,0.0,98.4
1.0,0.0,168023.0,168119.0,2.0,3.3,1.0,0.0,6.0,0.0,69.3
1.0,0.0,169467.0,169559.0,2.0,3.3,0.0,3.0,7.0,0.0,74.25
1.0,0.0,170886.0,171005.0,2.0,2.7,0.0,3.0,5.0,0.0,41.85
1.0,0.0,172317.0,172410.0,2.0,3.3,0.0,0.0,7.0,0.0,41.25
1.0,0.0,173865.0,173999.0,2.0,3.3,0.0,0.0,7.0,0.0,39.6
1.0,0.0,174942.0,175060.0,1.0,3.0,0.0,1.0,7.0,0.0,67.5
1.0,0.0,176284.0,176393.0,2.0,3.3,0.0,3.0,7.0,0.0,74.25
1.0,0.0,178153.0,178272.0,0.0,3.6,1.0,0.0,4.0,5.0,81.0
1.0,0.0,179760.0,179859.0,2.0,3.3,0.0,3.0,7.0,0.0,79.2
1.0,0.0,181302.0,181407.0,2.0,3.4,1.0,3.0,6.0,0.0,95.2
1.0,0.0,182424.0,182555.0,2.0,3.7,0.0,1.0,9.0,0.0,77.7
1.0,0.0,183752.0,183837.0,2.0,3.3,0.0,3.0,7.0,0.0,44.55
1.0,0.0,185164.0,185278.0,1.0,3.6,0.0,0.0,7.0,0.0,86.4
1.0,0.0,186518.0,186634.0,1.0,3.6,0.0,0.0,7.0,0.0,91.8
1.0,0.0,187825.0,187928.0,1.0,3.2,0.0,0.0,5.0,3.0,72.0
1.0,0.0,189252.0,189385.0,2.0,3.7,0.0,1.0,9.0,0.0,83.25
1.0,0.0,190866.0,190988.0,2.0,3.3,0.0,3.0,7.0,0.0,54.45
1.0,0.0,192521.0,192641.0,0.0,3.6,1.0,0.0,4.0,5.0,75.6
1.0,0.0,193920.0,194020.0,2.0,3.3,0.0,0.0,7.0,0.0,77.55
1.0,0.0,196747.0,196872.0,2.0,3.3,0.0,3.0,7.0,0.0,34.65
1.0,0.0,198241.0,198356.0,0.0,3.6,1.0,0.0,4.0,5.0,91.8
1.0,0.0,199580.0,199676.0,2.0,3.3,0.0,0.0,7.0,0.0,84.15
1.0,0.0,200972.0,201092.0,1.0,3.5,1.0,0.0,6.0,0.0,47.25
1.0,0.0,202333.0,202438.0,2.0,3.3,0.0,0.0,7.0,0.0,66.0
1.0,0.0,203601.0,203711.0,2.0,3.3,0.0,3.0,7.0,0.0,56.1
1.0,0.0,205505.0,205632.0,2.0,3.3,0.0,3.0,7.0,0.0,74.25
1.0,0.0,206926.0,207033.0,1.0,3.6,0.0,0.0,5.0,5.0,81.0
1.0,0.0,208399.0,208495.0,2.0,3.3,0.0,3.0,7.0,0.0,85.8
1.0,0.0,209779.0,209893.0,2.0,3.3,0.0,3.0,7.0,0.0,89.1
1.0,0.0,211167.0,211281.0,1.0,3.2,0.0,0.0,5.0,3.0,72.0
1.0,0.0,212810.0,212941.0,1.0,3.6,0.0,0.0,7.0,0.0,48.6
1.0,0.0,214453.0,214577.0,2.0,3.3,0.0,3.0,7.0,0.0,84.15
1.0,0.0,215882.0,215977.0,2.0,3.3,0.0,3.0,7.0,0.0,64.35
1.0,0.0,217449.0,217575.0,2.0,3.3,1.0,0.0,6.0,0.0,66.0
1.0,0.0,218987.0,219089.0,0.0,3.1,1.0,1.0,4.0,2.0,69.75
1.0,0.0,220504.0,220618.0,2.0,3.3,0.0,3.0,7.0,0.0,37.95
1.0,0.0,221986.0,222090.0,2.0,3.3,0.0,3.0,7.0,0.0,42.9
1.0,0.0,223357.0,223485.0,2.0,3.3,0.0,0.0,7.0,0.0,49.5
1.0,0.0,224843.0,224954.0,2.0,4.1,0.0,2.0,9.0,0.0,96.35
1.0,0.0,226724.0,226836.0,2.0,3.3,0.0,3.0,7.0,0.0,85.8
1.0,0.0,228300.0,228398.0,2.0,3.3,0.0,0.0,7.0,0.0,79.2
1.0,0.0,229525.0,229625.0,2.0,3.3,0.0,3.0,7.0,0.0,79.2
1.0,0.0,230677.0,230805.0,2.0,3.3,0.0,0.0,7.0,0.0,80.85
1.0,0.0,232171.0,232258.0,1.0,3.6,0.0,0.0,7.0,0.0,81.0
1.0,0.0,233223.0,233384.0,2.0,3.7,0.0,1.0,9.0,0.0,99.9
1.0,0.0,234494.0,234611.0,2.0,3.3,0.0,3.0,7.0,0.0,89.1
1.0,0.0,235984.0,236109.0,2.0,3.3,0.0,0.0,7.0,0.0,61.05
1.0,0.0,237641.0,237780.0,1.0,3.6,0.0,0.0,7.0,0.0,39.6
1.0,0.0,238865.0,239025.0,1.0,3.0,0.0,1.0,7.0,0.0,61.5
1.0,0.0,240347.0,240469.0,2.0,3.3,0.0,3.0,7.0,0.0,66.0
1.0,0.0,241766.0,241886.0,2.0,3.3,0.0,3.0,7.0,0.0,64.35
1.0,0.0,245252.0,245369.0,1.0,3.6,0.0,0.0,5.0,5.0,81.0
1.0,0.0,247023.0,247129.0,1.0,3.6,0.0,0.0,5.0,5.0,86.4
1.0,0.0,248380.0,248480.0,2.0,3.3,0.0,3.0,7.0,0.0,74.25
1.0,0.0,249714.0,249828.0,1.0,3.6,0.0,0.0,5.0,5.0,86.4
1.0,0.0,251160.0,251284.0,2.0,3.3,0.0,3.0,7.0,0.0,51.15
1.0,0.0,252516.0,252639.0,1.0,3.2,0.0,0.0,5.0,3.0,73.6
1.0,0.0,254039.0,254135.0,1.0,3.2,0.0,0.0,5.0,3.0,67.2
1.0,0.0,255360.0,255513.0,2.0,3.7,0.0,1.0,9.0,0.0,94.35
1.0,0.0,257041.0,257143.0,1.0,3.6,0.0,0.0,5.0,5.0,84.6
1.0,0.0,258561.0,258675.0,1.0,3.6,0.0,0.0,5.0,5.0,81.0
1.0,0.0,260226.0,260334.0,0.0,3.2,1.0,0.0,4.0,3.0,68.8
1.0,0.0,261950.0,262073.0,1.0,3.6,0.0,0.0,5.0,5.0,86.4
1.0,0.0,263357.0,263534.0,2.0,3.7,0.0,1.0,9.0,0.0,66.6
1.0,0.0,264970.0,265087.0,1.0,3.6,0.0,0.0,7.0,0.0,86.4
1.0,0.0,266803.0,266897.0,1.0,3.6,0.0,0.0,5.0,5.0,84.6
1.0,0.0,268238.0,268336.0,2.0,3.2,0.0,2.0,7.0,0.0,72.0
1.0,0.0,269858.0,269984.0,0.0,3.1,1.0,1.0,4.0,2.0,60.45
1.0,0.0,271184.0,271357.0,2.0,3.7,0.0,1.0,9.0,0.0,66.6
1.0,0.0,272659.0,272740.0,2.0,3.3,0.0,3.0,7.0,0.0,69.3
1.0,0.0,274054.0,274170.0,1.0,3.6,0.0,0.0,5.0,5.0,84.6
1.0,0.0,275501.0,275652.0,1.0,3.8,0.0,1.0,5.0,6.0,79.8
1.0,0.0,277139.0,277244.0,1.0,3.6,0.0,0.0,5.0,5.0,86.4
1.0,0.0,278669.0,278788.0,1.0,3.6,0.0,0.0,5.0,5.0,93.6
1.0,0.0,279931.0,280033.0,2.0,3.3,0.0,3.0,7.0,0.0,72.6
1.0,0.0,281317.0,281415.0,1.0,3.6,0.0,0.0,5.0,5.0,70.2
1.0,0.0,282923.0,283035.0,1.0,3.6,0.0,0.0,5.0,5.0,97.2
1.0,0.0,284394.0,284495.0,1.0,3.6,0.0,0.0,5.0,5.0,81.0
1.0,0.0,285877.0,286001.0,2.0,3.3,0.0,3.0,7.0,0.0,64.35
1.0,0.0,287429.0,287535.0,2.0,3.3,0.0,3.0,7.0,0.0,84.15
1.0,0.0,288906.0,289028.0,1.0,3.2,0.0,0.0,5.0,3.0,75.2
1.0,0.0,290351.0,290470.0,1.0,3.6,0.0,0.0,5.0,5.0,46.8
1.0,0.0,291897.0,291971.0,1.0,3.6,0.0,0.0,5.0,5.0,70.2
2.0,0.0,9839.0,9969.0,0.0,3.6,1.0,0.0,4.0,5.0,88.3
2.0,0.0,10946.0,11094.0,1.0,3.0,0.0,1.0,7.0,0.0,76.5
2.0,0.0,12273.0,12371.0,2.0,3.2,0.0,2.0,7.0,0.0,81.6
2.0,0.0,13714.0,13843.0,1.0,3.6,0.0,0.0,5.0,5.0,81.0
2.0,0.0,15862.0,15980.0,2.0,3.2,0.0,2.0,7.0,0.0,81.6
2.0,0.0,17103.0,17205.0,1.0,3.2,0.0,0.0,5.0,3.0,68.8
2.0,0.0,18629.0,18714.0,2.0,3.2,0.0,2.0,7.0,0.0,76.8
2.0,0.0,20045.0,20195.0,1.0,3.0,0.0,1.0,7.0,0.0,72.0
2.0,0.0,21251.0,21423.0,1.0,3.0,0.0,1.0,7.0,0.0,72.0
2.0,0.0,22425.0,22595.0,1.0,3.0,0.0,1.0,7.0,0.0,75.0
2.0,0.0,24066.0,24146.0,2.0,3.2,0.0,2.0,7.0,0.0,76.8
2.0,0.0,25502.0,25617.0,2.0,3.2,0.0,2.0,7.0,0.0,78.4
2.0,0.0,26876.0,27032.0,2.0,3.7,0.0,1.0,9.0,0.0,88.8
2.0,0.0,28585.0,28686.0,2.0,3.3,0.0,0.0,7.0,0.0,85.8
2.0,0.0,30339.0,30446.0,0.0,3.6,1.0,0.0,4.0,5.0,91.8
2.0,0.0,31671.0,31760.0,2.0,3.2,0.0,2.0,7.0,0.0,76.8
2.0,0.0,32920.0,33000.0,2.0,3.2,0.0,2.0,7.0,0.0,81.6
2.0,0.0,34323.0,34434.0,2.0,3.2,0.0,2.0,7.0,0.0,89.6
2.0,0.0,37154.0,37236.0,2.0,3.2,0.0,2.0,7.0,0.0,86.4
2.0,0.0,38487.0,38603.0,1.0,3.6,0.0,0.0,7.0,0.0,88.2
2.0,0.0,39949.0,40066.0,2.0,3.4,1.0,3.0,6.0,0.0,37.4
2.0,0.0,41341.0,41439.0,2.0,3.2,0.0,2.0,7.0,0.0,86.4
2.0,0.0,42934.0,43078.0,2.0,3.7,0.0,1.0,9.0,0.0,86.95
2.0,0.0,44005.0,44166.0,1.0,3.0,0.0,1.0,7.0,0.0,63.0
2.0,0.0,45485.0,45576.0,1.0,3.6,0.0,0.0,7.0,0.0,86.4
2.0,0.0,46968.0,47086.0,1.0,3.6,0.0,0.0,5.0,5.0,86.4
2.0,0.0,48482.0,48586.0,2.0,3.2,0.0,2.0,7.0,0.0,75.2
2.0,0.0,49977.0,50095.0,2.0,3.3,0.0,0.0,7.0,0.0,85.8
2.0,0.0,51800.0,51910.0,0.0,3.2,1.0,0.0,4.0,3.0,83.2
2.0,0.0,53047.0,53176.0,2.0,3.7,0.0,1.0,9.0,0.0,77.7
2.0,0.0,54663.0,54783.0,2.0,3.3,0.0,0.0,7.0,0.0,87.45
2.0,0.0,56125.0,56299.0,1.0,3.8,0.0,1.0,5.0,6.0,91.2
2.0,0.0,57592.0,57704.0,2.0,3.2,0.0,2.0,7.0,0.0,86.4
2.0,0.0,58837.0,58975.0,2.0,3.7,0.0,1.0,9.0,0.0,90.65
2.0,0.0,60024.0,60116.0,2.0,3.3,0.0,3.0,7.0,0.0,94.05
2.0,0.0,61557.0,61662.0,1.0,3.5,1.0,0.0,6.0,0.0,85.75
2.0,0.0,64785.0,64942.0,2.0,3.7,0.0,1.0,9.0,0.0,94.35
2.0,0.0,66248.0,66361.0,2.0,3.2,0.0,2.0,7.0,0.0,86.4
2.0,0.0,67380.0,67498.0,1.0,3.0,0.0,1.0,7.0,0.0,72.0
2.0,0.0,69066.0,69190.0,1.0,3.5,1.0,0.0,6.0,0.0,84.0
2.0,0.0,70950.0,71079.0,2.0,3.3,0.0,3.0,7.0,0.0,79.2
2.0,0.0,72470.0,72588.0,2.0,3.3,1.0,0.0,6.0,0.0,69.3
2.0,0.0,73748.0,73895.0,2.0,3.7,0.0,1.0,9.0,0.0,88.8
2.0,0.0,75462.0,75583.0,2.0,3.2,0.0,2.0,7.0,0.0,81.6
2.0,0.0,77073.0,77200.0,1.0,3.6,0.0,0.0,7.0,0.0,55.8
2.0,0.0,78487.0,78598.0,2.0,3.2,0.0,2.0,7.0,0.0,86.4
2.0,0.0,79868.0,80030.0,2.0,3.7,0.0,1.0,9.0,0.0,83.25
2.0,0.0,81870.0,81972.0,0.0,3.6,1.0,0.0,4.0,5.0,82.8
2.0,0.0,84124.0,84257.0,2.0,4.1,0.0,2.0,9.0,0.0,86.1
2.0,0.0,85839.0,85950.0,2.0,3.3,1.0,0.0,6.0,0.0,36.3
2.0,0.0,87141.0,87264.0,2.0,3.3,0.0,3.0,7.0,0.0,79.2
2.0,0.0,88747.0,88842.0,1.0,3.5,1.0,0.0,6.0,0.0,89.25
2.0,0.0,90131.0,90217.0,1.0,3.6,0.0,0.0,7.0,0.0,102.6
2.0,0.0,91576.0,91691.0,2.0,3.3,0.0,3.0,7.0,0.0,94.05
2.0,0.0,94542.0,94661.0,2.0,3.3,0.0,3.0,7.0,0.0,85.8
2.0,0.0,96311.0,96416.0,2.0,3.4,1.0,3.0,6.0,0.0,81.6
2.0,0.0,97643.0,97769.0,2.0,3.3,0.0,0.0,7.0,0.0,89.1
2.0,0.0,99044.0,99175.0,2.0,3.7,0.0,1.0,9.0,0.0,88.8
2.0,0.0,101090.0,101218.0,0.0,3.6,1.0,0.0,4.0,5.0,81.0
2.0,0.0,102403.0,102518.0,2.0,3.2,0.0,2.0,7.0,0.0,78.4
2.0,0.0,103636.0,103744.0,2.0,3.3,0.0,3.0,7.0,0.0,84.15
2.0,0.0,105213.0,105286.0,2.0,3.3,1.0,0.0,6.0,0.0,79.2
2.0,0.0,106809.0,106923.0,0.0,3.2,1.0,0.0,4.0,3.0,83.2
2.0,0.0,108372.0,108486.0,2.0,3.3,0.0,3.0,7.0,0.0,90.75
2.0,0.0,110071.0,110198.0,2.0,3.3,0.0,3.0,7.0,0.0,89.1
2.0,0.0,111516.0,111632.0,2.0,3.3,0.0,0.0,7.0,0.0,89.1
2.0,0.0,113482.0,113603.0,0.0,3.6,1.0,0.0,4.0,5.0,81.0
2.0,0.0,115476.0,115610.0,2.0,4.1,0.0,2.0,9.0,0.0,86.1
2.0,0.0,116948.0,117063.0,1.0,3.6,0.0,0.0,7.0,0.0,86.4
2.0,0.0,118321.0,118413.0,1.0,3.6,0.0,0.0,7.0,0.0,91.8
2.0,0.0,119559.0,119676.0,2.0,3.7,0.0,1.0,9.0,0.0,94.35
2.0,0.0,121140.0,121247.0,1.0,3.6,0.0,0.0,7.0,0.0,102.6
2.0,0.0,124172.0,124284.0,1.0,3.6,0.0,0.0,7.0,0.0,82.8
2.0,0.0,125561.0,125679.0,2.0,3.3,0.0,3.0,7.0,0.0,79.2
2.0,0.0,126756.0,126853.0,2.0,3.3,0.0,3.0,7.0,0.0,89.1
2.0,0.0,128265.0,128377.0,1.0,3.6,0.0,0.0,7.0,0.0,91.8
2.0,0.0,129964.0,130082.0,1.0,3.6,0.0,0.0,7.0,0.0,91.8
2.0,0.0,131220.0,131352.0,2.0,3.3,0.0,0.0,7.0,0.0,80.85
2.0,0.0,132535.0,132659.0,1.0,3.5,1.0,0.0,6.0,0.0,36.75
2.0,0.0,133884.0,133990.0,2.0,3.3,0.0,3.0,7.0,0.0,79.2
2.0,0.0,135284.0,135398.0,2.0,3.3,0.0,3.0,7.0,0.0,64.35
2.0,0.0,136836.0,136953.0,2.0,3.3,1.0,0.0,6.0,0.0,74.25
2.0,0.0,138357.0,138472.0,2.0,3.3,0.0,0.0,7.0,0.0,84.15
2.0,0.0,139712.0,139819.0,2.0,3.3,0.0,3.0,7.0,0.0,89.1
2.0,0.0,141724.0,141833.0,2.0,3.3,0.0,3.0,7.0,0.0,74.25
2.0,0.0,143368.0,143476.0,2.0,3.3,0.0,3.0,7.0,0.0,89.1
2.0,0.0,144778.0,144903.0,1.0,3.6,0.0,0.0,5.0,5.0,86.4
2.0,0.0,146027.0,146117.0,2.0,3.3,0.0,3.0,7.0,0.0,74.25
2.0,0.0,147501.0,147607.0,0.0,3.6,1.0,0.0,4.0,5.0,75.6
2.0,0.0,148791.0,148943.0,2.0,3.7,0.0,1.0,9.0,0.0,94.35
2.0,0.0,151868.0,151981.0,1.0,3.6,0.0,0.0,5.0,5.0,93.6
2.0,0.0,153492.0,153613.0,1.0,3.6,0.0,0.0,5.0,5.0,90.0
2.0,0.0,154775.0,154888.0,1.0,3.6,0.0,0.0,5.0,5.0,84.6
2.0,0.0,156170.0,156295.0,2.0,3.3,0.0,3.0,7.0,0.0,89.1
2.0,0.0,157939.0,158049.0,1.0,3.6,0.0,0.0,5.0,5.0,93.6
2.0,0.0,159156.0,159265.0,2.0,3.3,0.0,3.0,7.0,0.0,79.2
2.0,0.0,160485.0,160599.0,1.0,3.6,0.0,0.0,5.0,5.0,91.8
2.0,0.0,162070.0,162186.0,1.0,3.6,0.0,0.0,7.0,0.0,97.2
2.0,0.0,163748.0,163876.0,1.0,3.6,0.0,0.0,5.0,5.0,86.4
2.0,0.0,165260.0,165391.0,1.0,3.6,0.0,0.0,5.0,5.0,70.2
2.0,0.0,166904.0,167032.0,1.0,3.6,0.0,0.0,5.0,5.0,90.0
2.0,0.0,168297.0,168422.0,1.0,3.6,0.0,0.0,5.0,5.0,79.2
2.0,0.0,169575.0,169716.0,1.0,3.8,0.0,1.0,5.0,6.0,79.8
2.0,0.0,171098.0,171261.0,2.0,3.7,0.0,1.0,9.0,0.0,88.8
2.0,0.0,172533.0,172665.0,2.0,3.7,0.0,1.0,9.0,0.0,88.8
2.0,0.0,173975.0,174088.0,1.0,3.6,0.0,0.0,5.0,5.0,81.0
2.0,0.0,175327.0,175430.0,1.0,3.6,0.0,0.0,5.0,5.0,93.6
2.0,0.0,176871.0,176981.0,1.0,3.6,0.0,0.0,5.0,5.0,97.2
3.0,0.0,8196.0,8270.0,1.0,3.0,0.0,1.0,7.0,0.0,76.5
3.0,0.0,9992.0,10090.0,2.0,3.2,0.0,2.0,7.0,0.0,72.0
3.0,0.0,11610.0,11730.0,2.0,3.7,0.0,1.0,9.0,0.0,83.25
3.0,0.0,12741.0,12844.0,1.0,3.0,0.0,1.0,7.0,0.0,76.5
3.0,0.0,14127.0,14211.0,2.0,3.2,0.0,2.0,7.0,0.0,80.0
3.0,0.0,15562.0,15629.0,2.0,3.2,0.0,2.0,7.0,0.0,86.4
3.0,0.0,17317.0,17400.0,2.0,3.2,0.0,2.0,7.0,0.0,81.6
3.0,0.0,18842.0,18920.0,0.0,3.6,1.0,0.0,4.0,5.0,97.2
3.0,0.0,20307.0,20400.0,1.0,3.6,0.0,0.0,5.0,5.0,75.6
3.0,0.0,26283.0,26365.0,1.0,3.6,0.0,0.0,5.0,5.0,91.8
3.0,0.0,28048.0,28129.0,0.0,3.6,1.0,0.0,4.0,5.0,97.2
3.0,0.0,29679.0,29742.0,2.0,3.2,0.0,2.0,7.0,0.0,91.2
3.0,0.0,31186.0,31266.0,2.0,3.2,0.0,2.0,7.0,0.0,91.2
3.0,0.0,34006.0,34104.0,1.0,3.6,0.0,0.0,5.0,5.0,86.4
3.0,0.0,35222.0,35373.0,2.0,3.7,0.0,1.0,9.0,0.0,88.8
3.0,0.0,36870.0,36965.0,2.0,3.3,0.0,0.0,7.0,0.0,82.5
3.0,0.0,38200.0,38306.0,1.0,3.6,0.0,0.0,7.0,0.0,88.2
3.0,0.0,39519.0,39660.0,2.0,3.7,0.0,1.0,9.0,0.0,83.25
3.0,0.0,41443.0,41549.0,0.0,3.2,1.0,0.0,4.0,3.0,75.2
3.0,0.0,42827.0,42972.0,2.0,3.7,0.0,1.0,9.0,0.0,92.5
3.0,0.0,44243.0,44317.0,2.0,3.2,0.0,2.0,7.0,0.0,86.4
3.0,0.0,45609.0,45688.0,2.0,3.2,0.0,2.0,7.0,0.0,86.4
3.0,0.0,47201.0,47273.0,2.0,3.2,0.0,2.0,7.0,0.0,86.4
3.0,0.0,48361.0,48447.0,2.0,3.3,0.0,3.0,7.0,0.0,94.05
3.0,0.0,49916.0,50000.0,1.0,3.5,1.0,0.0,6.0,0.0,94.5
3.0,0.0,52864.0,52951.0,2.0,3.2,0.0,2.0,7.0,0.0,81.6
3.0,0.0,54466.0,54593.0,0.0,3.6,1.0,0.0,4.0,5.0,82.8
3.0,0.0,56482.0,56576.0,2.0,4.1,0.0,2.0,9.0,0.0,98.4
3.0,0.0,57928.0,58024.0,2.0,3.2,0.0,2.0,7.0,0.0,86.4
3.0,0.0,59376.0,59487.0,1.0,3.5,1.0,0.0,6.0,0.0,66.5
3.0,0.0,60693.0,60855.0,2.0,3.7,0.0,1.0,9.0,0.0,83.25
3.0,0.0,62326.0,62412.0,2.0,3.3,0.0,3.0,7.0,0.0,89.1
3.0,0.0,63681.0,63788.0,2.0,3.3,0.0,3.0,7.0,0.0,77.55
3.0,0.0,65283.0,65407.0,1.0,3.5,1.0,0.0,6.0,0.0,92.75
3.0,0.0,66729.0,66833.0,2.0,3.7,0.0,1.0,9.0,0.0,99.9
3.0,0.0,68063.0,68166.0,1.0,3.6,0.0,0.0,7.0,0.0,91.8
3.0,0.0,69536.0,69641.0,2.0,3.3,0.0,3.0,7.0,0.0,92.4
3.0,0.0,72361.0,72477.0,2.0,3.3,1.0,0.0,6.0,0.0,79.2
3.0,0.0,73818.0,73932.0,2.0,3.3,0.0,0.0,7.0,0.0,79.2
3.0,0.0,75825.0,75937.0,0.0,3.6,1.0,0.0,4.0,5.0,81.0
3.0,0.0,77441.0,77537.0,2.0,3.4,1.0,3.0,6.0,0.0,96.9
3.0,0.0,78939.0,79025.0,1.0,3.6,0.0,0.0,7.0,0.0,97.2
3.0,0.0,80356.0,80447.0,2.0,3.3,0.0,3.0,7.0,0.0,79.2
3.0,0.0,82006.0,82111.0,0.0,3.6,1.0,0.0,4.0,5.0,81.0
3.0,0.0,83405.0,83516.0,1.0,3.6,0.0,0.0,7.0,0.0,64.8
3.0,0.0,84892.0,85017.0,2.0,3.7,0.0,1.0,9.0,0.0,98.05
3.0,0.0,86590.0,86675.0,2.0,3.3,0.0,3.0,7.0,0.0,90.75
3.0,0.0,87943.0,88090.0,2.0,3.7,0.0,1.0,9.0,0.0,68.45
3.0,0.0,89574.0,89673.0,1.0,3.6,0.0,0.0,7.0,0.0,93.6
3.0,0.0,92490.0,92581.0,2.0,3.3,0.0,3.0,7.0,0.0,74.25
3.0,0.0,93858.0,93984.0,2.0,3.3,0.0,3.0,7.0,0.0,56.1
3.0,0.0,96213.0,96321.0,2.0,3.3,0.0,3.0,7.0,0.0,89.1
3.0,0.0,97630.0,97742.0,2.0,3.3,0.0,3.0,7.0,0.0,82.5
3.0,0.0,98955.0,99053.0,2.0,3.3,0.0,3.0,7.0,0.0,77.55
3.0,0.0,100394.0,100492.0,2.0,3.3,0.0,0.0,7.0,0.0,84.15
3.0,0.0,102258.0,102362.0,1.0,3.6,0.0,0.0,7.0,0.0,91.8
3.0,0.0,103689.0,103790.0,1.0,3.6,0.0,0.0,5.0,5.0,88.2
3.0,0.0,105286.0,105365.0,1.0,3.6,0.0,0.0,7.0,0.0,97.2
3.0,0.0,106989.0,107089.0,1.0,3.6,0.0,0.0,7.0,0.0,91.8
3.0,0.0,109054.0,109167.0,0.0,3.6,1.0,0.0,4.0,5.0,91.8
3.0,0.0,110310.0,110473.0,2.0,3.7,0.0,1.0,9.0,0.0,94.35
3.0,0.0,113660.0,113765.0,1.0,3.6,0.0,0.0,7.0,0.0,95.4
3.0,0.0,115785.0,115874.0,1.0,3.6,0.0,0.0,5.0,5.0,64.8
3.0,0.0,117781.0,117937.0,1.0,3.8,0.0,1.0,5.0,6.0,87.4
3.0,0.0,119690.0,119810.0,1.0,3.6,0.0,0.0,5.0,5.0,97.2
3.0,0.0,121526.0,121615.0,1.0,3.6,0.0,0.0,5.0,5.0,91.8
3.0,0.0,123402.0,123488.0,1.0,3.6,0.0,0.0,5.0,5.0,97.2
3.0,0.0,125549.0,125637.0,1.0,3.6,0.0,0.0,5.0,5.0,91.8
3.0,0.0,127130.0,127283.0,2.0,3.7,0.0,1.0,9.0,0.0,92.5
3.0,0.0,129781.0,129881.0,2.0,3.3,0.0,3.0,7.0,0.0,90.75
3.0,0.0,132041.0,132128.0,1.0,3.6,0.0,0.0,5.0,5.0,102.6
3.0,0.0,133814.0,133900.0,1.0,3.6,0.0,0.0,5.0,5.0,90.0
3.0,0.0,135577.0,135699.0,1.0,3.6,0.0,0.0,5.0,5.0,100.8
4.0,0.0,8661.0,8739.0,1.0,3.0,0.0,1.0,7.0,0.0,70.5
4.0,0.0,10006.0,10088.0,1.0,2.8,0.0,2.0,5.0,0.0,53.2
4.0,0.0,11444.0,11519.0,1.0,3.0,0.0,1.0,7.0,0.0,73.5
4.0,0.0,12610.0,12688.0,1.0,3.0,0.0,1.0,7.0,0.0,76.5
4.0,0.0,13889.0,13963.0,1.0,3.0,0.0,1.0,7.0,0.0,66.0
4.0,0.0,15703.0,15784.0,0.0,3.2,1.0,0.0,4.0,3.0,67.2
4.0,0.0,17029.0,17104.0,1.0,3.0,0.0,1.0,7.0,0.0,72.0
4.0,0.0,18541.0,18626.0,1.0,2.8,0.0,2.0,5.0,0.0,51.6
4.0,0.0,20476.0,20563.0,1.0,3.2,0.0,0.0,5.0,3.0,67.2
4.0,0.0,21573.0,21649.0,1.0,3.0,0.0,1.0,7.0,0.0,67.5
4.0,0.0,23105.0,23188.0,1.0,3.0,0.0,1.0,7.0,0.0,43.5
4.0,0.0,24473.0,24561.0,2.0,2.7,0.0,3.0,5.0,0.0,68.85
4.0,0.0,26167.0,26244.0,1.0,2.8,0.0,2.0,5.0,0.0,54.6
4.0,0.0,27720.0,27793.0,1.0,3.0,0.0,1.0,7.0,0.0,64.5
4.0,0.0,29165.0,29238.0,1.0,3.0,0.0,1.0,7.0,0.0,63.0
4.0,0.0,30372.0,30446.0,1.0,3.0,0.0,1.0,7.0,0.0,72.0
4.0,0.0,31608.0,31687.0,1.0,3.0,0.0,1.0,7.0,0.0,58.5
4.0,0.0,32835.0,32912.0,1.0,3.0,0.0,1.0,7.0,0.0,72.0
4.0,0.0,34245.0,34323.0,1.0,3.0,0.0,1.0,7.0,0.0,72.0
4.0,0.0,35446.0,35526.0,1.0,2.8,0.0,2.0,5.0,0.0,46.2
4.0,0.0,36703.0,36782.0,1.0,3.0,0.0,1.0,7.0,0.0,66.0
4.0,0.0,38307.0,38391.0,1.0,3.0,0.0,1.0,7.0,0.0,49.5
4.0,0.0,39548.0,39632.0,1.0,3.0,0.0,1.0,7.0,0.0,63.0
4.0,0.0,41081.0,41180.0,0.0,3.1,1.0,1.0,4.0,2.0,79.05
4.0,0.0,42683.0,42752.0,1.0,2.8,0.0,2.0,5.0,0.0,71.4
4.0,0.0,43697.0,43773.0,1.0,3.0,0.0,1.0,7.0,0.0,36.0
4.0,0.0,46936.0,47022.0,0.0,3.2,1.0,0.0,4.0,3.0,73.6
4.0,0.0,48296.0,48381.0,1.0,2.9,0.0,0.0,5.0,0.0,68.15
4.0,0.0,49771.0,49863.0,2.0,3.3,0.0,0.0,7.0,0.0,77.55
4.0,0.0,51111.0,51195.0,2.0,3.2,0.0,2.0,7.0,0.0,78.4
4.0,0.0,52436.0,52528.0,2.0,3.2,0.0,2.0,7.0,0.0,80.0
4.0,0.0,54222.0,54321.0,2.0,3.3,0.0,0.0,7.0,0.0,29.7
4.0,0.0,55660.0,55750.0,1.0,2.9,0.0,0.0,5.0,0.0,65.25
4.0,0.0,57195.0,57281.0,1.0,3.2,0.0,0.0,5.0,3.0,72.0
4.0,0.0,59236.0,59402.0,1.0,2.8,0.0,2.0,5.0,0.0,58.8
4.0,0.0,60731.0,60809.0,2.0,3.2,0.0,2.0,7.0,0.0,73.6
4.0,0.0,62407.0,62481.0,2.0,3.2,0.0,2.0,7.0,0.0,72.0
4.0,0.0,63738.0,63824.0,2.0,3.2,0.0,2.0,7.0,0.0,62.4
4.0,0.0,65224.0,65300.0,1.0,3.0,0.0,1.0,7.0,0.0,54.0
4.0,0.0,67044.0,67130.0,2.0,3.3,1.0,0.0,6.0,0.0,67.65
4.0,0.0,68607.0,68712.0,2.0,3.3,0.0,0.0,7.0,0.0,51.15
4.0,0.0,70313.0,70403.0,0.0,3.2,1.0,0.0,4.0,3.0,76.8
4.0,0.0,71890.0,71974.0,0.0,3.2,1.0,0.0,4.0,3.0,72.0
4.0,0.0,73232.0,73330.0,1.0,2.9,0.0,0.0,5.0,0.0,75.4
4.0,0.0,74849.0,74941.0,2.0,3.2,0.0,2.0,7.0,0.0,40.0
4.0,0.0,76024.0,76107.0,1.0,3.0,0.0,1.0,7.0,0.0,54.0
4.0,0.0,77393.0,77478.0,2.0,3.2,0.0,2.0,7.0,0.0,40.0
4.0,0.0,79081.0,79188.0,1.0,2.9,0.0,3.0,5.0,0.0,47.85
4.0,0.0,80587.0,80714.0,2.0,3.3,0.0,0.0,7.0,0.0,39.6
4.0,0.0,82063.0,82151.0,2.0,3.3,0.0,0.0,7.0,0.0,47.85
4.0,0.0,83394.0,83469.0,1.0,3.0,0.0,1.0,7.0,0.0,72.0
4.0,0.0,84648.0,84731.0,2.0,3.2,0.0,2.0,7.0,0.0,43.2
4.0,0.0,88001.0,88083.0,2.0,3.2,0.0,2.0,7.0,0.0,57.6
4.0,0.0,89680.0,89767.0,0.0,3.2,1.0,0.0,4.0,3.0,62.4
4.0,0.0,91305.0,91392.0,2.0,3.2,0.0,2.0,7.0,0.0,48.0
4.0,0.0,92963.0,93060.0,0.0,3.2,1.0,0.0,4.0,3.0,81.6
4.0,0.0,94321.0,94412.0,1.0,2.9,0.0,0.0,5.0,0.0,65.25
4.0,0.0,95963.0,96037.0,1.0,3.0,0.0,1.0,7.0,0.0,72.0
4.0,0.0,97814.0,97907.0,1.0,3.2,0.0,0.0,5.0,3.0,67.2
4.0,0.0,99380.0,99472.0,0.0,3.2,1.0,0.0,4.0,3.0,72.0
4.0,0.0,101650.0,101736.0,0.0,3.2,1.0,0.0,4.0,3.0,68.8
4.0,0.0,103358.0,103451.0,0.0,3.2,1.0,0.0,4.0,3.0,78.4
4.0,0.0,104905.0,105003.0,2.0,3.3,1.0,0.0,6.0,0.0,46.2
4.0,0.0,106908.0,106994.0,0.0,3.2,1.0,0.0,4.0,3.0,80.0
4.0,0.0,108671.0,108768.0,1.0,2.9,0.0,0.0,5.0,0.0,52.2
4.0,0.0,110834.0,110941.0,2.0,3.3,0.0,0.0,7.0,0.0,39.6
4.0,0.0,112455.0,112540.0,2.0,3.2,0.0,2.0,7.0,0.0,57.6
4.0,0.0,113891.0,113981.0,2.0,3.3,0.0,0.0,7.0,0.0,62.7
4.0,0.0,115406.0,115492.0,1.0,2.8,0.0,2.0,5.0,0.0,64.4
4.0,0.0,116970.0,117073.0,0.0,3.2,1.0,0.0,4.0,3.0,52.8
4.0,0.0,118581.0,118676.0,2.0,3.3,0.0,0.0,7.0,0.0,72.6
4.0,0.0,119881.0,119988.0,1.0,2.9,0.0,0.0,5.0,0.0,21.75
4.0,0.0,121267.0,121361.0,1.0,2.9,0.0,0.0,5.0,0.0,47.85
4.0,0.0,122993.0,123071.0,2.0,3.2,0.0,2.0,7.0,0.0,78.4
4.0,0.0,124705.0,124817.0,2.0,3.3,0.0,3.0,7.0,0.0,72.6
4.0,0.0,125947.0,126021.0,1.0,3.0,0.0,1.0,7.0,0.0,73.5
4.0,0.0,127441.0,127564.0,2.0,3.3,0.0,0.0,7.0,0.0,66.0
4.0,0.0,128792.0,128886.0,2.0,3.3,0.0,0.0,7.0,0.0,24.75
4.0,0.0,133764.0,133823.0,1.0,2.9,0.0,0.0,5.0,0.0,53.65
4.0,0.0,135272.0,135357.0,1.0,3.0,0.0,1.0,7.0,0.0,40.5
4.0,0.0,136949.0,137048.0,2.0,3.3,1.0,0.0,6.0,0.0,54.45
4.0,0.0,138300.0,138410.0,2.0,3.3,0.0,0.0,7.0,0.0,74.25
4.0,0.0,142751.0,142845.0,2.0,3.2,0.0,2.0,7.0,0.0,48.0
4.0,0.0,144106.0,144320.0,2.0,3.2,0.0,2.0,7.0,0.0,75.2
4.0,0.0,145729.0,145826.0,1.0,2.9,0.0,0.0,5.0,0.0,73.95
4.0,0.0,147869.0,147964.0,1.0,2.9,0.0,0.0,5.0,0.0,39.15
4.0,0.0,149143.0,149230.0,2.0,3.3,0.0,0.0,7.0,0.0,51.15
4.0,0.0,150871.0,150971.0,2.0,3.3,0.0,0.0,7.0,0.0,79.2
4.0,0.0,152274.0,152372.0,2.0,3.3,0.0,0.0,7.0,0.0,70.95
4.0,0.0,154090.0,154194.0,0.0,3.2,1.0,0.0,4.0,3.0,51.2
4.0,0.0,156029.0,156107.0,2.0,3.2,0.0,2.0,7.0,0.0,72.0
4.0,0.0,157666.0,157767.0,2.0,3.3,1.0,0.0,6.0,0.0,75.9
4.0,0.0,159067.0,159176.0,2.0,3.2,0.0,2.0,7.0,0.0,54.4
4.0,0.0,160499.0,160589.0,1.0,3.2,0.0,0.0,5.0,3.0,62.4
4.0,0.0,161913.0,161996.0,2.0,3.2,0.0,2.0,7.0,0.0,81.6
4.0,0.0,163340.0,163445.0,0.0,3.1,1.0,1.0,4.0,2.0,65.1
4.0,0.0,164895.0,164979.0,0.0,3.2,1.0,0.0,4.0,3.0,54.4
4.0,0.0,166112.0,166214.0,2.0,2.7,0.0,3.0,5.0,0.0,60.75
4.0,0.0,167915.0,168013.0,2.0,3.3,0.0,0.0,7.0,0.0,79.2
4.0,0.0,169565.0,169650.0,2.0,3.2,0.0,2.0,7.0,0.0,76.8
4.0,0.0,171050.0,171125.0,2.0,3.2,0.0,2.0,7.0,0.0,70.4
4.0,0.0,172360.0,172461.0,1.0,2.9,0.0,3.0,5.0,0.0,47.85
4.0,0.0,173676.0,173780.0,1.0,2.9,0.0,3.0,5.0,0.0,63.8
4.0,0.0,177195.0,177275.0,1.0,3.2,0.0,0.0,5.0,3.0,67.2
4.0,0.0,178772.0,178862.0,1.0,3.2,0.0,0.0,5.0,3.0,36.8
4.0,0.0,180274.0,180372.0,1.0,3.2,0.0,0.0,5.0,3.0,72.0
4.0,0.0,181654.0,181743.0,1.0,3.2,0.0,0.0,5.0,3.0,81.6
4.0,0.0,183126.0,183232.0,1.0,3.2,0.0,0.0,5.0,3.0,60.8
4.0,0.0,185092.0,185203.0,1.0,3.2,0.0,0.0,5.0,3.0,70.4
4.0,0.0,186561.0,186664.0,2.0,2.7,0.0,3.0,5.0,0.0,44.55
4.0,0.0,187986.0,188053.0,1.0,3.0,0.0,1.0,7.0,0.0,72.0
4.0,0.0,190284.0,190364.0,1.0,3.0,0.0,1.0,7.0,0.0,67.5
4.0,0.0,191805.0,191899.0,1.0,3.2,0.0,0.0,5.0,3.0,67.2
4.0,0.0,193515.0,193615.0,1.0,3.2,0.0,0.0,5.0,3.0,67.2
4.0,0.0,195015.0,195110.0,1.0,3.2,0.0,0.0,5.0,3.0,57.6
4.0,0.0,196623.0,196732.0,0.0,2.8,0.0,0.0,3.0,5.0,56.0
4.0,0.0,198691.0,198785.0,1.0,3.2,0.0,0.0,5.0,3.0,43.2
4.0,0.0,200197.0,200283.0,1.0,3.2,0.0,0.0,5.0,3.0,67.2
4.0,0.0,201610.0,201705.0,1.0,3.2,0.0,0.0,5.0,3.0,72.0
4.0,0.0,203195.0,203302.0,1.0,2.9,0.0,0.0,5.0,0.0,62.35
4.0,0.0,204575.0,204675.0,1.0,3.2,0.0,0.0,5.0,3.0,67.2
4.0,0.0,206275.0,206376.0,1.0,3.2,0.0,0.0,5.0,3.0,70.4
4.0,0.0,207586.0,207689.0,1.0,3.2,0.0,0.0,5.0,3.0,57.6
4.0,0.0,209214.0,209308.0,1.0,3.2,0.0,0.0,5.0,3.0,70.4
4.0,0.0,211103.0,211194.0,1.0,3.2,0.0,0.0,5.0,3.0,72.0
4.0,0.0,212645.0,212743.0,1.0,3.2,0.0,0.0,5.0,3.0,72.0
4.0,0.0,214206.0,214290.0,1.0,3.2,0.0,0.0,5.0,3.0,64.0
4.0,0.0,215638.0,215726.0,1.0,3.2,0.0,0.0,5.0,3.0,70.4
4.0,0.0,217028.0,217120.0,1.0,3.2,0.0,0.0,5.0,3.0,48.0
5.0,0.0,9097.0,9239.0,1.0,3.0,0.0,1.0,7.0,0.0,63.0
5.0,0.0,10537.0,10664.0,1.0,3.0,0.0,1.0,7.0,0.0,61.5
5.0,0.0,11693.0,11847.0,1.0,3.0,0.0,1.0,7.0,0.0,49.5
5.0,0.0,13180.0,13309.0,1.0,3.0,0.0,1.0,7.0,0.0,70.5
5.0,0.0,14600.0,14739.0,1.0,3.0,0.0,1.0,7.0,0.0,67.5
5.0,0.0,15920.0,16064.0,1.0,3.0,0.0,1.0,7.0,0.0,66.0
5.0,0.0,17055.0,17177.0,1.0,3.0,0.0,1.0,7.0,0.0,58.5
5.0,0.0,18377.0,18503.0,1.0,3.0,0.0,1.0,7.0,0.0,72.0
5.0,0.0,19767.0,19898.0,1.0,3.0,0.0,1.0,7.0,0.0,67.5
5.0,0.0,21195.0,21322.0,1.0,3.0,0.0,1.0,7.0,0.0,73.5
5.0,0.0,22431.0,22509.0,1.0,2.8,0.0,2.0,5.0,0.0,49.0
5.0,0.0,23960.0,24039.0,0.0,3.1,1.0,1.0,4.0,2.0,77.5
5.0,0.0,25042.0,25194.0,1.0,3.0,0.0,1.0,7.0,0.0,69.0
5.0,0.0,26282.0,26427.0,1.0,3.0,0.0,1.0,7.0,0.0,73.5
5.0,0.0,27570.0,27663.0,2.0,2.7,0.0,3.0,5.0,0.0,71.55
5.0,0.0,29028.0,29114.0,1.0,2.8,0.0,2.0,5.0,0.0,58.8
5.0,0.0,30127.0,30276.0,1.0,3.0,0.0,1.0,7.0,0.0,67.5
5.0,0.0,31452.0,31584.0,1.0,3.0,0.0,1.0,7.0,0.0,73.5
5.0,0.0,34550.0,34638.0,2.0,3.2,0.0,2.0,7.0,0.0,67.2
5.0,0.0,35943.0,36033.0,2.0,3.3,0.0,0.0,7.0,0.0,61.05
5.0,0.0,37752.0,37844.0,0.0,3.2,1.0,0.0,4.0,3.0,72.0
5.0,0.0,39339.0,39431.0,2.0,3.2,0.0,2.0,7.0,0.0,67.2
5.0,0.0,40952.0,41107.0,0.0,3.2,1.0,0.0,4.0,3.0,60.8
5.0,0.0,42409.0,42565.0,2.0,3.3,0.0,0.0,7.0,0.0,46.2
5.0,0.0,43849.0,43995.0,1.0,2.9,0.0,0.0,5.0,0.0,49.3
5.0,0.0,45304.0,45415.0,2.0,3.2,0.0,2.0,7.0,0.0,64.0
5.0,0.0,46744.0,46860.0,2.0,3.3,0.0,0.0,7.0,0.0,75.9
5.0,0.0,48370.0,48521.0,1.0,2.9,0.0,3.0,5.0,0.0,56.55
5.0,0.0,49533.0,49671.0,1.0,3.0,0.0,1.0,7.0,0.0,48.0
5.0,0.0,50883.0,50949.0,2.0,3.3,0.0,0.0,7.0,0.0,69.3
5.0,0.0,52141.0,52319.0,2.0,3.2,0.0,2.0,7.0,0.0,72.0
5.0,0.0,53722.0,53809.0,0.0,3.2,1.0,0.0,4.0,3.0,64.0
5.0,0.0,55140.0,55230.0,2.0,3.2,0.0,2.0,7.0,0.0,81.6
5.0,0.0,56548.0,56646.0,1.0,3.2,0.0,0.0,5.0,3.0,72.0
5.0,0.0,57786.0,57886.0,1.0,2.9,0.0,0.0,5.0,0.0,75.4
5.0,0.0,59165.0,59258.0,2.0,3.2,0.0,2.0,7.0,0.0,83.2
5.0,0.0,62096.0,62198.0,2.0,3.3,1.0,0.0,6.0,0.0,70.95
5.0,0.0,63535.0,63637.0,2.0,3.2,0.0,2.0,7.0,0.0,64.0
5.0,0.0,65119.0,65208.0,1.0,2.8,0.0,2.0,5.0,0.0,33.6
5.0,0.0,66684.0,66811.0,2.0,3.3,0.0,0.0,7.0,0.0,44.55
5.0,0.0,68304.0,68400.0,2.0,3.2,0.0,2.0,7.0,0.0,49.6
5.0,0.0,69788.0,70061.0,2.0,3.3,0.0,3.0,7.0,0.0,56.1
5.0,0.0,71294.0,71402.0,1.0,3.2,0.0,0.0,5.0,3.0,72.0
5.0,0.0,72580.0,72678.0,1.0,2.9,0.0,0.0,5.0,0.0,56.55
5.0,0.0,74081.0,74311.0,2.0,3.2,0.0,2.0,7.0,0.0,70.4
5.0,0.0,75708.0,75809.0,2.0,3.2,0.0,2.0,7.0,0.0,35.2
5.0,0.0,77104.0,77201.0,2.0,3.3,0.0,0.0,7.0,0.0,42.9
5.0,0.0,78380.0,78511.0,1.0,3.0,0.0,1.0,7.0,0.0,67.5
5.0,0.0,80018.0,80114.0,0.0,3.2,1.0,0.0,4.0,3.0,76.8
5.0,0.0,81616.0,81720.0,2.0,3.3,0.0,0.0,7.0,0.0,69.3
5.0,0.0,83214.0,83361.0,0.0,3.2,1.0,0.0,4.0,3.0,76.8
5.0,0.0,84782.0,84861.0,0.0,3.2,1.0,0.0,4.0,3.0,72.0
5.0,0.0,86325.0,86415.0,0.0,3.2,1.0,0.0,4.0,3.0,70.4
5.0,0.0,87854.0,87958.0,0.0,3.2,1.0,0.0,4.0,3.0,81.6
5.0,0.0,90888.0,91009.0,2.0,3.3,0.0,0.0,7.0,0.0,41.25
5.0,0.0,92494.0,92684.0,2.0,3.3,1.0,0.0,6.0,0.0,74.25
5.0,0.0,94005.0,94099.0,1.0,3.2,0.0,0.0,5.0,3.0,52.8
5.0,0.0,95651.0,95755.0,0.0,3.1,1.0,1.0,4.0,2.0,65.1
5.0,0.0,97307.0,97403.0,1.0,2.9,0.0,0.0,5.0,0.0,52.2
5.0,0.0,98903.0,99001.0,2.0,3.2,0.0,2.0,7.0,0.0,72.0
5.0,0.0,100425.0,100519.0,2.0,3.2,0.0,2.0,7.0,0.0,76.8
5.0,0.0,101968.0,102067.0,2.0,3.3,1.0,0.0,6.0,0.0,54.45
5.0,0.0,103730.0,103825.0,2.0,3.2,1.0,0.0,6.0,0.0,69.3
5.0,0.0,105335.0,105448.0,2.0,3.3,0.0,0.0,7.0,0.0,64.35
5.0,0.0,106629.0,106730.0,1.0,2.9,0.0,3.0,5.0,0.0,44.95
5.0,0.0,108041.0,108122.0,2.0,3.2,0.0,2.0,7.0,0.0,67.2
5.0,0.0,109491.0,109611.0,2.0,3.3,0.0,0.0,7.0,0.0,54.45
5.0,0.0,110909.0,111016.0,2.0,3.2,0.0,2.0,7.0,0.0,72.0
5.0,0.0,112202.0,112347.0,2.0,3.3,0.0,0.0,7.0,0.0,52.8
5.0,0.0,113623.0,113753.0,1.0,2.9,0.0,0.0,5.0,0.0,69.6
5.0,0.0,115205.0,115309.0,2.0,3.2,0.0,2.0,7.0,0.0,67.2
5.0,0.0,116710.0,116823.0,2.0,3.3,0.0,0.0,7.0,0.0,84.15
5.0,0.0,119860.0,119989.0,1.0,3.2,0.0,0.0,5.0,3.0,72.0
5.0,0.0,121487.0,121585.0,1.0,3.2,0.0,0.0,5.0,3.0,68.8
5.0,0.0,122905.0,123020.0,1.0,2.9,0.0,0.0,5.0,0.0,56.55
5.0,0.0,124658.0,124764.0,1.0,3.2,0.0,0.0,5.0,3.0,65.6
5.0,0.0,126263.0,126370.0,1.0,3.2,0.0,0.0,5.0,3.0,70.4
5.0,0.0,127773.0,127917.0,1.0,3.2,0.0,0.0,5.0,3.0,76.8
5.0,0.0,129260.0,129372.0,2.0,2.7,0.0,3.0,5.0,0.0,68.85
5.0,0.0,130614.0,130738.0,1.0,3.2,0.0,0.0,5.0,3.0,68.8
5.0,0.0,132310.0,132450.0,1.0,3.2,0.0,0.0,5.0,3.0,76.8
5.0,0.0,133999.0,134099.0,1.0,3.2,0.0,0.0,5.0,3.0,67.2
5.0,0.0,135401.0,135530.0,1.0,3.2,0.0,0.0,5.0,3.0,75.2
5.0,0.0,136886.0,136985.0,1.0,3.2,0.0,0.0,5.0,3.0,70.4
5.0,0.0,138283.0,138413.0,1.0,3.2,0.0,0.0,5.0,3.0,56.0
5.0,0.0,139720.0,139860.0,1.0,3.2,0.0,0.0,5.0,3.0,76.8
5.0,0.0,141200.0,141334.0,1.0,3.2,0.0,0.0,5.0,3.0,76.8
5.0,0.0,142708.0,142867.0,1.0,3.0,0.0,1.0,7.0,0.0,67.5
5.0,0.0,144115.0,144222.0,1.0,3.2,0.0,0.0,5.0,3.0,72.0
5.0,0.0,145592.0,145701.0,1.0,3.2,0.0,0.0,5.0,3.0,84.8
6.0,0.0,8449.0,8598.0,1.0,3.0,0.0,1.0,7.0,0.0,70.5
6.0,0.0,9767.0,9910.0,1.0,3.0,0.0,1.0,7.0,0.0,70.5
6.0,0.0,10971.0,11079.0,1.0,3.0,0.0,1.0,7.0,0.0,76.5
6.0,0.0,12140.0,12325.0,1.0,3.0,0.0,1.0,7.0,0.0,54.0
6.0,0.0,13555.0,13702.0,1.0,3.0,0.0,1.0,7.0,0.0,63.0
6.0,0.0,15074.0,15156.0,1.0,2.8,0.0,2.0,5.0,0.0,60.2
6.0,0.0,16468.0,16570.0,0.0,3.1,1.0,1.0,4.0,2.0,72.85
6.0,0.0,17898.0,18060.0,1.0,3.0,0.0,1.0,7.0,0.0,58.5
6.0,0.0,19174.0,19316.0,1.0,3.0,0.0,1.0,7.0,0.0,78.0
6.0,0.0,20656.0,20756.0,2.0,2.7,0.0,3.0,5.0,0.0,60.75
6.0,0.0,21934.0,22080.0,1.0,3.0,0.0,1.0,7.0,0.0,49.5
6.0,0.0,23130.0,23272.0,1.0,3.0,0.0,1.0,7.0,0.0,85.5
6.0,0.0,26024.0,26120.0,2.0,3.2,0.0,2.0,7.0,0.0,72.0
6.0,0.0,27488.0,27600.0,2.0,3.3,0.0,0.0,7.0,0.0,74.25
6.0,0.0,28896.0,29052.0,1.0,2.9,0.0,0.0,5.0,0.0,65.25
6.0,0.0,30328.0,30426.0,2.0,3.2,0.0,2.0,7.0,0.0,43.2
6.0,0.0,31786.0,31886.0,2.0,3.3,0.0,0.0,7.0,0.0,75.9
6.0,0.0,33264.0,33346.0,1.0,3.2,0.0,0.0,5.0,3.0,76.8
6.0,0.0,34602.0,34682.0,2.0,3.3,0.0,0.0,7.0,0.0,61.05
6.0,0.0,35930.0,36022.0,1.0,2.9,0.0,0.0,5.0,0.0,78.3
6.0,0.0,37560.0,37656.0,0.0,3.2,1.0,0.0,4.0,3.0,72.0
6.0,0.0,38950.0,39040.0,2.0,3.2,0.0,2.0,7.0,0.0,83.2
6.0,0.0,40414.0,40508.0,2.0,3.3,0.0,0.0,7.0,0.0,80.85
6.0,0.0,42234.0,42330.0,2.0,3.2,0.0,2.0,7.0,0.0,84.8
6.0,0.0,44940.0,45064.0,1.0,2.9,0.0,0.0,5.0,0.0,65.25
6.0,0.0,46592.0,46700.0,2.0,3.3,0.0,3.0,7.0,0.0,61.05
6.0,0.0,48070.0,48164.0,1.0,3.2,0.0,0.0,5.0,3.0,72.0
6.0,0.0,49414.0,49504.0,0.0,3.2,1.0,0.0,4.0,3.0,76.8
6.0,0.0,50948.0,51050.0,2.0,3.2,0.0,2.0,7.0,0.0,67.2
6.0,0.0,52528.0,52622.0,0.0,3.2,1.0,0.0,4.0,3.0,62.4
6.0,0.0,53774.0,53908.0,1.0,3.0,0.0,1.0,7.0,0.0,72.0
6.0,0.0,55268.0,55360.0,0.0,3.2,1.0,0.0,4.0,3.0,64.0
6.0,0.0,56776.0,56890.0,2.0,3.3,0.0,0.0,7.0,0.0,56.1
6.0,0.0,58402.0,58498.0,0.0,3.2,1.0,0.0,4.0,3.0,83.2
6.0,0.0,60144.0,60247.0,2.0,3.2,0.0,2.0,7.0,0.0,72.0
6.0,0.0,61660.0,61754.0,0.0,3.2,1.0,0.0,4.0,3.0,86.4
6.0,0.0,64316.0,64440.0,2.0,3.3,1.0,0.0,6.0,0.0,79.2
6.0,0.0,65914.0,66006.0,2.0,3.2,0.0,2.0,7.0,0.0,80.0
6.0,0.0,67368.0,67468.0,2.0,3.2,0.0,2.0,7.0,0.0,68.8
6.0,0.0,68582.0,68690.0,2.0,3.3,0.0,0.0,7.0,0.0,89.1
6.0,0.0,70216.0,70324.0,2.0,3.3,1.0,0.0,6.0,0.0,72.6
6.0,0.0,71580.0,71698.0,1.0,2.9,0.0,0.0,5.0,0.0,73.95
6.0,0.0,73080.0,73146.0,2.0,3.2,0.0,2.0,7.0,0.0,78.4
6.0,0.0,74442.0,74536.0,2.0,3.2,0.0,2.0,7.0,0.0,81.6
6.0,0.0,75830.0,75922.0,2.0,3.2,0.0,2.0,7.0,0.0,75.2
6.0,0.0,77282.0,77396.0,2.0,3.3,0.0,0.0,7.0,0.0,57.75
6.0,0.0,79080.0,79172.0,2.0,3.3,1.0,0.0,6.0,0.0,66.0
6.0,0.0,80410.0,80520.0,2.0,3.3,0.0,0.0,7.0,0.0,79.2
6.0,0.0,83062.0,83166.0,1.0,3.2,0.0,0.0,5.0,3.0,57.6
6.0,0.0,85050.0,85164.0,1.0,3.2,0.0,0.0,5.0,3.0,70.4
6.0,0.0,86910.0,87014.0,2.0,2.7,0.0,3.0,5.0,0.0,67.5
6.0,0.0,88740.0,88848.0,1.0,3.2,0.0,0.0,5.0,3.0,86.4
6.0,0.0,90706.0,90800.0,1.0,3.2,0.0,0.0,5.0,3.0,70.4
6.0,0.0,92430.0,92580.0,1.0,3.0,0.0,1.0,7.0,0.0,78.0
6.0,0.0,94214.0,94298.0,1.0,3.2,0.0,0.0,5.0,3.0,73.6
6.0,0.0,96032.0,96136.0,1.0,3.2,0.0,0.0,5.0,3.0,76.8
6.0,0.0,97758.0,97860.0,1.0,3.2,0.0,0.0,5.0,3.0,76.8
6.0,0.0,99774.0,99870.0,1.0,3.2,0.0,0.0,5.0,3.0,81.6
6.0,0.0,101782.0,101886.0,1.0,3.2,0.0,0.0,5.0,3.0,76.8
6.0,0.0,103722.0,103800.0,1.0,3.2,0.0,0.0,5.0,3.0,86.4
7.0,0.0,9900.0,9999.0,1.0,1.9,1.0,1.0,2.0,0.0,45.6
7.0,0.0,11076.0,11156.0,1.0,1.6,0.0,1.0,3.0,0.0,43.2
7.0,0.0,12412.0,12508.0,1.0,1.9,1.0,1.0,2.0,0.0,42.75
7.0,0.0,13571.0,13673.0,1.0,2.0,0.0,2.0,3.0,0.0,47.0
7.0,0.0,14822.0,14909.0,1.0,2.0,0.0,2.0,3.0,0.0,36.0
7.0,0.0,15817.0,15916.0,1.0,1.6,0.0,1.0,3.0,0.0,34.4
7.0,0.0,17004.0,17092.0,1.0,1.5,0.0,1.0,0.0,0.0,30.0
7.0,0.0,17984.0,18082.0,1.0,1.6,0.0,1.0,3.0,0.0,33.6
7.0,0.0,18949.0,19032.0,1.0,1.6,0.0,1.0,3.0,0.0,36.0
7.0,0.0,19992.0,20088.0,1.0,1.6,0.0,1.0,3.0,0.0,33.6
7.0,0.0,20839.0,20916.0,1.0,1.6,0.0,1.0,3.0,0.0,26.4
7.0,0.0,23519.0,23606.0,1.0,2.0,0.0,2.0,3.0,0.0,46.0
7.0,0.0,24672.0,24756.0,1.0,2.0,0.0,2.0,3.0,0.0,57.0
7.0,0.0,25759.0,25840.0,1.0,1.6,0.0,1.0,3.0,0.0,32.8
7.0,0.0,26806.0,26893.0,1.0,1.6,0.0,1.0,3.0,0.0,33.6
7.0,0.0,28163.0,28260.0,1.0,1.6,0.0,1.0,3.0,0.0,32.8
7.0,0.0,29235.0,29310.0,1.0,2.0,0.0,2.0,3.0,0.0,44.0
7.0,0.0,30410.0,30516.0,1.0,1.8,0.0,0.0,0.0,0.0,36.9
7.0,0.0,31612.0,31696.0,1.0,2.0,0.0,2.0,3.0,0.0,40.0
7.0,0.0,32671.0,32753.0,1.0,2.0,0.0,2.0,3.0,0.0,44.0
7.0,0.0,33928.0,34012.0,1.0,2.0,0.0,2.0,3.0,0.0,45.0
7.0,0.0,35146.0,35232.0,1.0,2.0,0.0,2.0,3.0,0.0,45.0
7.0,0.0,37600.0,37695.0,1.0,1.8,0.0,0.0,0.0,0.0,43.2
7.0,0.0,38809.0,38907.0,1.0,1.9,0.0,3.0,0.0,0.0,55.1
7.0,0.0,40195.0,40275.0,1.0,2.0,0.0,2.0,3.0,0.0,42.0
7.0,0.0,41428.0,41509.0,0.0,2.1,0.0,3.0,3.0,1.0,40.95
7.0,0.0,43028.0,43124.0,1.0,1.9,0.0,1.0,2.0,0.0,43.7
7.0,0.0,44205.0,44298.0,1.0,1.9,0.0,3.0,0.0,0.0,42.75
7.0,0.0,45480.0,45577.0,1.0,1.9,0.0,3.0,0.0,0.0,29.45
7.0,0.0,46588.0,46675.0,1.0,1.9,0.0,3.0,0.0,0.0,41.8
7.0,0.0,47610.0,47706.0,1.0,1.9,0.0,3.0,0.0,0.0,42.75
7.0,0.0,48749.0,48848.0,1.0,1.9,0.0,3.0,0.0,0.0,38.95
7.0,0.0,49936.0,50012.0,0.0,2.1,0.0,3.0,3.0,1.0,37.8
7.0,0.0,52802.0,52889.0,1.0,1.9,0.0,3.0,0.0,0.0,39.9
7.0,0.0,54043.0,54116.0,0.0,2.1,0.0,1.0,3.0,2.0,56.7
7.0,0.0,55197.0,55292.0,0.0,2.1,0.0,1.0,3.0,2.0,40.95
7.0,0.0,56306.0,56405.0,1.0,1.9,0.0,3.0,0.0,0.0,48.45
7.0,0.0,57855.0,57946.0,0.0,2.1,0.0,1.0,3.0,2.0,40.95
7.0,0.0,58918.0,59002.0,0.0,2.1,0.0,1.0,3.0,2.0,44.1
7.0,0.0,60180.0,60269.0,1.0,2.4,1.0,1.0,4.0,0.0,40.8
7.0,0.0,61350.0,61442.0,0.0,2.0,0.0,0.0,3.0,1.0,41.0
7.0,0.0,62321.0,62401.0,0.0,2.1,0.0,1.0,3.0,2.0,47.25
7.0,0.0,63563.0,63661.0,0.0,2.0,0.0,0.0,3.0,1.0,43.0
7.0,0.0,64699.0,64804.0,1.0,1.9,1.0,1.0,2.0,0.0,28.5
7.0,0.0,67125.0,67226.0,1.0,3.2,0.0,0.0,5.0,3.0,65.6
7.0,0.0,68656.0,68731.0,2.0,3.2,0.0,2.0,7.0,0.0,76.8
7.0,0.0,69963.0,70042.0,1.0,3.0,0.0,1.0,7.0,0.0,48.0
7.0,0.0,71304.0,71395.0,0.0,3.2,1.0,0.0,4.0,3.0,60.8
7.0,0.0,73212.0,73296.0,2.0,3.2,0.0,2.0,7.0,0.0,60.8
7.0,0.0,74383.0,74469.0,2.0,3.2,0.0,2.0,7.0,0.0,59.2
7.0,0.0,75626.0,75693.0,1.0,3.0,0.0,1.0,7.0,0.0,54.0
7.0,0.0,76686.0,76768.0,1.0,3.0,0.0,1.0,7.0,0.0,60.0
7.0,0.0,77717.0,77789.0,1.0,3.0,0.0,1.0,7.0,0.0,52.5
7.0,0.0,78878.0,78949.0,1.0,3.0,0.0,1.0,7.0,0.0,36.0
7.0,0.0,80168.0,80272.0,1.0,3.2,0.0,0.0,5.0,3.0,57.6
7.0,0.0,82499.0,82577.0,1.0,3.0,0.0,1.0,7.0,0.0,55.5
7.0,0.0,83960.0,84053.0,2.0,3.3,0.0,0.0,7.0,0.0,85.8
7.0,0.0,85183.0,85273.0,2.0,2.8,0.0,3.0,5.0,0.0,65.8
7.0,0.0,86398.0,86468.0,2.0,3.2,0.0,2.0,7.0,0.0,52.8
7.0,0.0,88276.0,88357.0,1.0,3.6,0.0,0.0,7.0,0.0,57.6
7.0,0.0,89357.0,89456.0,2.0,3.3,0.0,0.0,7.0,0.0,64.35
7.0,0.0,90468.0,90549.0,2.0,3.2,0.0,2.0,7.0,0.0,51.2
7.0,0.0,91643.0,91722.0,2.0,3.2,0.0,2.0,7.0,0.0,68.8
7.0,0.0,92707.0,92798.0,2.0,3.2,0.0,2.0,7.0,0.0,70.4
7.0,0.0,93987.0,94053.0,2.0,3.2,0.0,2.0,7.0,0.0,65.6
7.0,0.0,95074.0,95155.0,1.0,3.0,0.0,1.0,7.0,0.0,58.5
7.0,0.0,97839.0,97912.0,2.0,3.2,0.0,2.0,7.0,0.0,76.8
7.0,0.0,99279.0,99370.0,2.0,3.4,0.0,3.0,7.0,0.0,91.8
7.0,0.0,100732.0,100819.0,2.0,3.2,0.0,2.0,7.0,0.0,36.8
7.0,0.0,101934.0,102019.0,2.0,3.3,0.0,0.0,7.0,0.0,69.3
7.0,0.0,103353.0,103435.0,2.0,3.4,0.0,3.0,7.0,0.0,71.4
7.0,0.0,104801.0,104893.0,0.0,3.2,1.0,0.0,4.0,3.0,60.8
7.0,0.0,106110.0,106194.0,1.0,3.3,0.0,1.0,5.0,4.0,42.9
7.0,0.0,107291.0,107382.0,2.0,3.3,0.0,0.0,7.0,0.0,69.3
7.0,0.0,108690.0,108787.0,2.0,3.3,1.0,0.0,6.0,0.0,59.4
7.0,0.0,109957.0,110044.0,1.0,2.9,0.0,0.0,5.0,0.0,30.45
7.0,0.0,111338.0,111422.0,2.0,3.2,0.0,2.0,7.0,0.0,40.0
7.0,0.0,114292.0,114400.0,0.0,3.2,1.0,0.0,4.0,3.0,57.6
7.0,0.0,116031.0,116134.0,1.0,3.5,1.0,0.0,6.0,0.0,42.0
7.0,0.0,117402.0,117479.0,1.0,2.9,0.0,0.0,5.0,0.0,34.8
7.0,0.0,118578.0,118659.0,2.0,3.4,0.0,3.0,7.0,0.0,39.1
7.0,0.0,120484.0,120590.0,0.0,3.2,1.0,0.0,4.0,3.0,62.4
7.0,0.0,121527.0,121610.0,2.0,3.4,0.0,3.0,7.0,0.0,47.6
7.0,0.0,123031.0,123122.0,2.0,3.3,0.0,0.0,7.0,0.0,29.7
7.0,0.0,124567.0,124660.0,0.0,3.2,1.0,0.0,4.0,3.0,52.8
7.0,0.0,125824.0,125902.0,2.0,3.3,0.0,0.0,7.0,0.0,56.1
7.0,0.0,126957.0,127036.0,1.0,3.2,0.0,0.0,5.0,3.0,64.0
7.0,0.0,128307.0,128389.0,2.0,2.8,0.0,3.0,5.0,0.0,44.8
7.0,0.0,131521.0,131612.0,2.0,3.3,0.0,0.0,7.0,0.0,41.25
7.0,0.0,132779.0,132858.0,1.0,3.2,0.0,0.0,5.0,3.0,89.6
7.0,0.0,134050.0,134140.0,1.0,3.2,0.0,0.0,5.0,3.0,62.4
7.0,0.0,135127.0,135211.0,1.0,3.2,0.0,0.0,5.0,3.0,59.2
7.0,0.0,136924.0,137016.0,1.0,3.6,0.0,0.0,5.0,5.0,84.6
7.0,0.0,138096.0,138205.0,1.0,3.2,0.0,0.0,5.0,3.0,60.8
7.0,0.0,139623.0,139721.0,2.0,3.4,0.0,3.0,7.0,0.0,44.2
7.0,0.0,140826.0,140921.0,1.0,3.2,0.0,0.0,5.0,3.0,67.2
7.0,0.0,141964.0,142040.0,1.0,3.6,0.0,0.0,5.0,5.0,75.6
7.0,0.0,143384.0,143483.0,0.0,3.2,1.0,0.0,4.0,3.0,67.2
7.0,0.0,144939.0,145031.0,2.0,3.3,0.0,0.0,7.0,0.0,46.2
9.0,0.0,9983.0,10095.0,1.0,1.6,0.0,1.0,3.0,0.0,36.0
9.0,0.0,11388.0,11525.0,1.0,1.6,0.0,1.0,3.0,0.0,34.4
9.0,0.0,12752.0,12889.0,1.0,1.6,0.0,1.0,3.0,0.0,36.0
9.0,0.0,14036.0,14177.0,1.0,1.6,0.0,1.0,3.0,0.0,28.8
9.0,0.0,15332.0,15478.0,1.0,1.6,0.0,1.0,3.0,0.0,33.6
9.0,0.0,16369.0,16523.0,1.0,1.6,0.0,1.0,3.0,0.0,31.2
9.0,0.0,17546.0,17690.0,1.0,1.6,0.0,1.0,3.0,0.0,40.0
9.0,0.0,18961.0,19113.0,1.0,1.6,0.0,1.0,3.0,0.0,35.2
9.0,0.0,20211.0,20330.0,1.0,1.6,0.0,1.0,3.0,0.0,31.2
9.0,0.0,21378.0,21533.0,1.0,1.6,0.0,1.0,3.0,0.0,39.2
9.0,0.0,22617.0,22781.0,1.0,1.6,0.0,1.0,3.0,0.0,33.6
9.0,0.0,25210.0,25341.0,1.0,2.0,0.0,2.0,3.0,0.0,46.0
9.0,0.0,26528.0,26625.0,1.0,2.0,0.0,2.0,3.0,0.0,43.0
9.0,0.0,27784.0,27885.0,1.0,2.0,0.0,2.0,3.0,0.0,45.0
9.0,0.0,29283.0,29401.0,1.0,2.0,0.0,2.0,3.0,0.0,33.0
9.0,0.0,30584.0,30735.0,1.0,2.0,0.0,2.0,3.0,0.0,31.0
9.0,0.0,31939.0,32030.0,1.0,2.0,0.0,2.0,3.0,0.0,42.0
9.0,0.0,33170.0,33288.0,1.0,2.0,0.0,2.0,3.0,0.0,54.0
9.0,0.0,34554.0,34644.0,1.0,2.0,0.0,2.0,3.0,0.0,50.0
9.0,0.0,35842.0,35954.0,1.0,2.0,0.0,2.0,3.0,0.0,44.0
9.0,0.0,37065.0,37163.0,1.0,2.0,0.0,2.0,3.0,0.0,50.0
9.0,0.0,38310.0,38401.0,1.0,2.0,0.0,2.0,3.0,0.0,48.0
9.0,0.0,40955.0,41068.0,0.0,1.8,0.0,0.0,0.0,0.0,41.4
9.0,0.0,42280.0,42387.0,0.0,1.8,0.0,0.0,0.0,0.0,32.4
9.0,0.0,43438.0,43541.0,0.0,1.8,0.0,0.0,0.0,0.0,37.8
9.0,0.0,44900.0,45003.0,0.0,1.9,1.0,1.0,2.0,0.0,38.0
9.0,0.0,46334.0,46450.0,0.0,1.8,0.0,0.0,0.0,0.0,32.4
9.0,0.0,47619.0,47730.0,0.0,1.8,0.0,0.0,0.0,0.0,40.5
9.0,0.0,48787.0,48892.0,0.0,1.9,0.0,3.0,0.0,0.0,51.3
9.0,0.0,49966.0,50067.0,0.0,1.9,0.0,3.0,0.0,0.0,42.75
9.0,0.0,51216.0,51312.0,0.0,2.0,0.0,0.0,3.0,1.0,44.0
9.0,0.0,52226.0,52329.0,0.0,1.9,0.0,3.0,0.0,0.0,37.05
9.0,0.0,53440.0,53575.0,0.0,1.9,0.0,3.0,0.0,0.0,44.65
9.0,0.0,55932.0,56090.0,0.0,1.9,0.0,3.0,0.0,0.0,43.7
9.0,0.0,57235.0,57338.0,0.0,1.9,0.0,3.0,0.0,0.0,40.85
9.0,0.0,58358.0,58465.0,0.0,1.9,0.0,3.0,0.0,0.0,39.9
9.0,0.0,59659.0,59776.0,0.0,1.9,0.0,3.0,0.0,0.0,37.05
9.0,0.0,60851.0,60958.0,0.0,1.9,0.0,3.0,0.0,0.0,37.05
9.0,0.0,62021.0,62127.0,0.0,1.9,0.0,3.0,0.0,0.0,22.8
9.0,0.0,63132.0,63270.0,0.0,2.1,0.0,1.0,3.0,2.0,56.7
9.0,0.0,64340.0,64446.0,0.0,2.0,0.0,0.0,3.0,1.0,47.0
9.0,0.0,65503.0,65605.0,0.0,1.9,0.0,3.0,0.0,0.0,42.75
9.0,0.0,66655.0,66762.0,0.0,2.0,0.0,0.0,3.0,1.0,45.0
9.0,0.0,68003.0,68192.0,0.0,1.9,1.0,1.0,2.0,0.0,45.6
9.0,0.0,70677.0,70793.0,2.0,2.8,0.0,2.0,5.0,0.0,53.2
9.0,0.0,71822.0,71925.0,2.0,2.8,0.0,3.0,5.0,0.0,56.0
9.0,0.0,73102.0,73237.0,1.0,3.2,0.0,0.0,5.0,3.0,56.0
9.0,0.0,74685.0,74802.0,2.0,2.8,0.0,2.0,5.0,0.0,37.8
9.0,0.0,76239.0,76345.0,1.0,2.6,0.0,0.0,5.0,3.0,44.2
9.0,0.0,77333.0,77532.0,1.0,2.7,0.0,1.0,7.0,0.0,35.1
9.0,0.0,78564.0,78728.0,1.0,3.0,0.0,1.0,7.0,0.0,85.5
9.0,0.0,79766.0,79893.0,1.0,3.0,0.0,1.0,7.0,0.0,73.5
9.0,0.0,81020.0,81166.0,1.0,2.7,0.0,1.0,7.0,0.0,54.0
9.0,0.0,82172.0,82316.0,1.0,2.3,0.0,1.0,5.0,0.0,54.05
9.0,0.0,83569.0,83675.0,2.0,3.2,0.0,2.0,7.0,0.0,62.4
9.0,0.0,85759.0,85928.0,1.0,3.0,0.0,1.0,7.0,0.0,58.5
9.0,0.0,87120.0,87211.0,2.0,3.2,0.0,2.0,7.0,0.0,48.0
9.0,0.0,88710.0,88800.0,0.0,3.2,1.0,0.0,4.0,3.0,59.2
9.0,0.0,89977.0,90145.0,2.0,2.7,0.0,1.0,7.0,0.0,25.65
9.0,0.0,91018.0,91160.0,1.0,3.0,0.0,1.0,7.0,0.0,43.5
9.0,0.0,92480.0,92574.0,0.0,3.3,1.0,0.0,6.0,0.0,52.8
9.0,0.0,93769.0,93857.0,2.0,3.2,0.0,2.0,7.0,0.0,86.4
9.0,0.0,95046.0,95164.0,1.0,2.6,0.0,0.0,5.0,1.0,58.5
9.0,0.0,96517.0,96617.0,0.0,2.4,1.0,1.0,4.0,0.0,52.8
9.0,0.0,97668.0,97756.0,1.0,2.8,0.0,2.0,5.0,0.0,61.6
9.0,0.0,99010.0,99094.0,0.0,3.2,1.0,0.0,4.0,3.0,48.0
9.0,0.0,101864.0,101979.0,1.0,2.8,0.0,3.0,5.0,0.0,47.6
9.0,0.0,103547.0,103649.0,0.0,3.2,1.0,0.0,4.0,3.0,59.2
9.0,0.0,104954.0,105064.0,1.0,3.0,0.0,1.0,7.0,0.0,49.5
9.0,0.0,106816.0,106900.0,2.0,2.7,1.0,0.0,4.0,1.0,40.5
9.0,0.0,108204.0,108389.0,1.0,2.9,0.0,0.0,5.0,0.0,24.65
9.0,0.0,109553.0,109650.0,1.0,2.9,0.0,0.0,5.0,0.0,37.7
9.0,0.0,111078.0,111160.0,0.0,3.2,1.0,0.0,4.0,3.0,81.6
9.0,0.0,112525.0,112616.0,0.0,3.2,1.0,0.0,4.0,3.0,60.8
9.0,0.0,113835.0,113915.0,1.0,2.8,0.0,2.0,5.0,0.0,50.4
9.0,0.0,115294.0,115378.0,0.0,2.7,1.0,0.0,4.0,1.0,40.5
9.0,0.0,116294.0,116433.0,1.0,3.0,0.0,1.0,7.0,0.0,58.5
9.0,0.0,118265.0,118421.0,1.0,2.9,0.0,1.0,5.0,2.0,56.55
9.0,0.0,119832.0,119957.0,0.0,3.3,0.0,0.0,3.0,7.0,59.4
9.0,0.0,121131.0,121213.0,2.0,3.2,0.0,2.0,7.0,0.0,52.8
9.0,0.0,122598.0,122704.0,0.0,2.6,0.0,0.0,5.0,1.0,40.3
9.0,0.0,124039.0,124139.0,2.0,3.2,0.0,2.0,7.0,0.0,48.0
9.0,0.0,125259.0,125359.0,2.0,2.8,0.0,3.0,5.0,0.0,46.2
9.0,0.0,126656.0,126774.0,1.0,3.2,0.0,0.0,5.0,3.0,80.0
9.0,0.0,128104.0,128202.0,2.0,3.2,0.0,2.0,7.0,0.0,81.6
9.0,0.0,129290.0,129437.0,1.0,2.9,0.0,1.0,5.0,2.0,34.8
9.0,0.0,130527.0,130625.0,0.0,2.8,0.0,0.0,3.0,5.0,54.6
9.0,0.0,131770.0,131896.0,1.0,3.2,0.0,0.0,5.0,3.0,62.4
10.0,0.0,10028.0,10130.0,1.0,2.8,0.0,2.0,5.0,0.0,42.0
10.0,0.0,11910.0,12018.0,1.0,2.6,0.0,0.0,5.0,1.0,55.9
10.0,0.0,13350.0,13504.0,2.0,2.7,0.0,1.0,7.0,0.0,43.2
10.0,0.0,14914.0,15068.0,2.0,2.7,0.0,1.0,7.0,0.0,48.6
10.0,0.0,16640.0,16746.0,2.0,2.8,0.0,3.0,5.0,0.0,63.0
10.0,0.0,18220.0,18326.0,1.0,3.2,0.0,0.0,5.0,3.0,62.4
10.0,0.0,19484.0,19620.0,1.0,2.3,0.0,1.0,5.0,0.0,50.6
10.0,0.0,21974.0,22064.0,1.0,2.8,0.0,2.0,5.0,0.0,64.4
10.0,0.0,23620.0,23718.0,2.0,3.2,0.0,2.0,7.0,0.0,67.2
10.0,0.0,25076.0,25216.0,1.0,3.0,0.0,1.0,7.0,0.0,73.5
10.0,0.0,26558.0,26694.0,1.0,3.0,0.0,1.0,7.0,0.0,81.0
10.0,0.0,29350.0,29504.0,2.0,2.7,0.0,1.0,7.0,0.0,40.5
10.0,0.0,30772.0,30918.0,1.0,3.0,0.0,1.0,7.0,0.0,40.5
10.0,0.0,32702.0,32806.0,2.0,3.3,1.0,0.0,6.0,0.0,39.6
10.0,0.0,34464.0,34564.0,1.0,2.4,1.0,1.0,4.0,0.0,57.6
10.0,0.0,36262.0,36362.0,2.0,3.2,0.0,2.0,7.0,0.0,43.2
10.0,0.0,38070.0,38162.0,0.0,3.2,1.0,0.0,4.0,3.0,65.6
10.0,0.0,39684.0,39756.0,1.0,2.8,0.0,2.0,5.0,0.0,67.2
10.0,0.0,42230.0,42376.0,1.0,3.0,0.0,1.0,7.0,0.0,58.5
10.0,0.0,44092.0,44196.0,0.0,3.2,1.0,0.0,4.0,3.0,68.8
10.0,0.0,45690.0,45802.0,1.0,2.6,0.0,0.0,5.0,1.0,59.8
10.0,0.0,47296.0,47384.0,2.0,3.2,0.0,2.0,7.0,0.0,86.4
10.0,0.0,50436.0,50544.0,1.0,2.7,1.0,0.0,4.0,1.0,44.55
10.0,0.0,52332.0,52426.0,1.0,2.9,0.0,0.0,5.0,0.0,52.2
10.0,0.0,53974.0,54086.0,1.0,2.9,0.0,0.0,5.0,0.0,31.9
10.0,0.0,55670.0,55756.0,1.0,2.8,0.0,2.0,5.0,0.0,60.2
10.0,0.0,57664.0,57780.0,0.0,3.2,1.0,0.0,4.0,3.0,65.6
10.0,0.0,59304.0,59404.0,1.0,3.0,0.0,1.0,7.0,0.0,58.5
10.0,0.0,61190.0,61282.0,1.0,2.7,1.0,0.0,4.0,1.0,59.4
10.0,0.0,64036.0,64148.0,2.0,2.8,0.0,3.0,5.0,0.0,33.6
10.0,0.0,65516.0,65678.0,1.0,3.0,0.0,1.0,7.0,0.0,60.0
10.0,0.0,67418.0,67514.0,0.0,3.2,1.0,0.0,4.0,3.0,68.8
10.0,0.0,69114.0,69218.0,0.0,3.2,1.0,0.0,4.0,3.0,75.2
10.0,0.0,72450.0,72550.0,1.0,2.6,0.0,0.0,5.0,1.0,35.1
10.0,0.0,74364.0,74458.0,2.0,3.2,0.0,2.0,7.0,0.0,48.0
10.0,0.0,75958.0,76070.0,2.0,2.8,0.0,3.0,5.0,0.0,44.8
10.0,0.0,77536.0,77676.0,1.0,2.9,0.0,1.0,5.0,2.0,58.0
10.0,0.0,79380.0,79490.0,0.0,3.3,0.0,0.0,3.0,7.0,52.8
10.0,0.0,81210.0,81304.0,2.0,3.2,0.0,2.0,7.0,0.0,54.4
10.0,0.0,82788.0,82876.0,0.0,2.8,0.0,0.0,3.0,5.0,57.4
10.0,0.0,84362.0,84502.0,1.0,2.9,0.0,1.0,5.0,2.0,52.2
10.0,0.0,86046.0,86158.0,1.0,3.2,0.0,0.0,5.0,3.0,62.4
10.0,0.0,87902.0,88000.0,2.0,3.2,0.0,2.0,7.0,0.0,73.6
10.0,0.0,89638.0,89744.0,1.0,3.2,0.0,0.0,5.0,3.0,81.6
13.0,0.0,3528.0,3664.0,1.0,3.0,0.0,1.0,7.0,0.0,67.5
13.0,0.0,5219.0,5318.0,1.0,3.2,0.0,0.0,5.0,3.0,75.2
13.0,0.0,7009.0,7177.0,1.0,3.0,0.0,1.0,7.0,0.0,63.0
13.0,0.0,8764.0,8907.0,1.0,3.0,0.0,1.0,7.0,0.0,75.5
13.0,0.0,10594.0,10735.0,1.0,3.0,0.0,1.0,7.0,0.0,73.5
13.0,0.0,12309.0,12427.0,1.0,3.0,0.0,1.0,7.0,0.0,82.5
13.0,0.0,15582.0,15690.0,0.0,3.2,1.0,0.0,4.0,3.0,75.2
13.0,0.0,17389.0,17481.0,2.0,3.2,0.0,2.0,7.0,0.0,70.4
13.0,0.0,19387.0,19486.0,2.0,3.3,0.0,0.0,7.0,0.0,69.3
13.0,0.0,21196.0,21299.0,1.0,2.9,0.0,0.0,5.0,0.0,69.6
13.0,0.0,23427.0,23533.0,2.0,3.2,0.0,2.0,7.0,0.0,64.0
13.0,0.0,25153.0,25251.0,2.0,3.2,0.0,2.0,7.0,0.0,78.4
13.0,0.0,28891.0,28991.0,2.0,3.2,0.0,2.0,7.0,0.0,72.0
13.0,0.0,30390.0,30517.0,1.0,3.0,0.0,1.0,7.0,0.0,67.5
13.0,0.0,32341.0,32428.0,1.0,2.8,0.0,2.0,5.0,0.0,65.8
13.0,0.0,34240.0,34338.0,0.0,3.2,1.0,0.0,4.0,3.0,76.8
13.0,0.0,36041.0,36157.0,2.0,3.3,0.0,0.0,7.0,0.0,57.8
13.0,0.0,37902.0,37984.0,0.0,3.2,1.0,0.0,4.0,3.0,86.4
13.0,0.0,41174.0,41321.0,1.0,3.2,0.0,0.0,5.0,3.0,72.0
13.0,0.0,42970.0,43063.0,0.0,3.2,1.0,0.0,4.0,3.0,72.0
13.0,0.0,45014.0,45112.0,2.0,3.3,1.0,0.0,6.0,0.0,69.3
13.0,0.0,46981.0,47075.0,2.0,3.2,0.0,2.0,7.0,0.0,68.8
13.0,0.0,48991.0,49090.0,2.0,3.3,1.0,0.0,6.0,0.0,59.4
13.0,0.0,50583.0,50695.0,2.0,3.3,0.0,0.0,7.0,0.0,79.2
13.0,0.0,53641.0,53768.0,2.0,3.3,0.0,0.0,7.0,0.0,34.7
13.0,0.0,55098.0,55218.0,2.0,2.8,0.0,3.0,5.0,0.0,72.8
13.0,0.0,56903.0,57003.0,1.0,3.2,0.0,0.0,5.0,3.0,75.2
13.0,0.0,58697.0,58803.0,1.0,3.2,0.0,0.0,5.0,3.0,76.8
13.0,0.0,60515.0,60623.0,1.0,3.2,0.0,0.0,5.0,3.0,76.8
13.0,0.0,62310.0,62424.0,1.0,3.2,0.0,0.0,5.0,3.0,86.4
14.0,0.0,1060.0,1210.0,1.0,3.0,0.0,1.0,7.0,0.0,49.5
14.0,0.0,2510.0,2594.0,0.0,3.1,1.0,1.0,4.0,2.0,63.55
14.0,0.0,3680.0,3764.0,0.0,2.8,0.0,0.0,3.0,5.0,57.4
14.0,0.0,4984.0,5072.0,1.0,3.2,0.0,0.0,5.0,3.0,67.2
14.0,0.0,6716.0,6822.0,2.0,3.3,0.0,0.0,7.0,0.0,44.55
14.0,0.0,8056.0,8142.0,2.0,2.8,0.0,3.0,5.0,0.0,28.0
14.0,0.0,9732.0,9814.0,0.0,3.2,1.0,0.0,4.0,5.0,57.6
14.0,0.0,11120.0,11206.0,1.0,2.9,0.0,0.0,5.0,0.0,52.2
14.0,0.0,12650.0,12728.0,1.0,2.9,0.0,0.0,5.0,0.0,56.55
14.0,0.0,13928.0,14036.0,1.0,3.0,0.0,1.0,7.0,0.0,46.5
14.0,0.0,15462.0,15534.0,0.0,3.2,1.0,0.0,4.0,5.0,62.4
14.0,0.0,16842.0,16952.0,1.0,2.8,0.0,2.0,5.0,0.0,42.0
14.0,0.0,18060.0,18142.0,1.0,2.9,0.0,0.0,5.0,0.0,56.55
14.0,0.0,19532.0,19626.0,2.0,3.3,1.0,0.0,6.0,0.0,75.9
14.0,0.0,21840.0,21924.0,1.0,3.2,0.0,0.0,5.0,3.0,54.4
14.0,0.0,23048.0,23192.0,1.0,2.9,0.0,1.0,5.0,2.0,47.85
14.0,0.0,24332.0,24418.0,1.0,3.2,0.0,0.0,5.0,3.0,73.6
14.0,0.0,25646.0,25742.0,1.0,3.2,0.0,0.0,5.0,3.0,59.2
14.0,0.0,26712.0,26816.0,1.0,3.0,0.0,1.0,7.0,0.0,31.5
14.0,0.0,27994.0,28062.0,2.0,2.8,0.0,3.0,5.0,0.0,71.4
14.0,0.0,29390.0,29464.0,1.0,2.6,0.0,0.0,5.0,1.0,49.4
14.0,0.0,31088.0,31178.0,0.0,2.8,0.0,0.0,3.0,5.0,44.8
14.0,0.0,32630.0,32724.0,1.0,3.2,0.0,0.0,5.0,3.0,40.0
14.0,0.0,33756.0,33834.0,1.0,3.0,0.0,1.0,7.0,0.0,51.0
14.0,0.0,35292.0,35384.0,2.0,2.8,0.0,3.0,5.0,0.0,51.8
14.0,0.0,36660.0,36740.0,2.0,3.2,0.0,2.0,7.0,0.0,60.8
14.0,0.0,38012.0,38106.0,1.0,2.9,0.0,0.0,5.0,0.0,53.65
14.0,0.0,39430.0,39532.0,1.0,3.2,0.0,0.0,5.0,3.0,52.8
14.0,0.0,40638.0,40756.0,1.0,3.2,0.0,0.0,5.0,3.0,44.8
14.0,0.0,41922.0,42020.0,1.0,3.2,0.0,0.0,5.0,3.0,70.4
14.0,0.0,49482.0,49580.0,1.0,2.8,0.0,2.0,5.0,0.0,67.2
14.0,0.0,53472.0,53568.0,2.0,3.2,0.0,2.0,7.0,0.0,49.6
14.0,0.0,55404.0,55516.0,1.0,2.8,0.0,2.0,5.0,0.0,19.6
14.0,0.0,61000.0,61118.0,1.0,3.2,0.0,0.0,5.0,3.0,65.8
14.0,0.0,62758.0,62864.0,1.0,2.8,0.0,2.0,5.0,0.0,63.0
14.0,0.0,64400.0,64530.0,1.0,3.2,0.0,0.0,5.0,3.0,64.0
14.0,0.0,65856.0,65976.0,1.0,3.0,0.0,1.0,7.0,0.0,45.0
14.0,0.0,67406.0,67526.0,1.0,3.0,0.0,1.0,7.0,0.0,67.5
14.0,0.0,68798.0,68932.0,1.0,3.0,0.0,1.0,7.0,0.0,63.0
14.0,0.0,70346.0,70438.0,2.0,3.2,0.0,2.0,7.0,0.0,75.2
14.0,0.0,71800.0,71932.0,1.0,3.0,0.0,1.0,7.0,0.0,72.0
14.0,0.0,73320.0,73440.0,1.0,3.0,0.0,1.0,7.0,0.0,61.5
14.0,0.0,74942.0,75046.0,1.0,2.7,1.0,0.0,4.0,1.0,54.0
14.0,0.0,76436.0,76574.0,1.0,3.0,0.0,1.0,7.0,0.0,63.0
14.0,0.0,77864.0,77986.0,2.0,2.7,0.0,1.0,7.0,0.0,8.1
14.0,0.0,79620.0,79716.0,1.0,2.8,0.0,2.0,5.0,0.0,58.8
14.0,0.0,81166.0,81324.0,1.0,3.0,0.0,1.0,7.0,0.0,52.5
14.0,0.0,82742.0,82868.0,2.0,3.3,0.0,0.0,7.0,0.0,80.8
14.0,0.0,84482.0,84572.0,2.0,3.2,0.0,2.0,7.0,0.0,80.0
14.0,0.0,85966.0,86072.0,2.0,3.2,0.0,2.0,7.0,0.0,70.4
14.0,0.0,87740.0,87836.0,0.0,3.2,1.0,0.0,4.0,3.0,76.8
14.0,0.0,89080.0,89176.0,1.0,2.9,0.0,0.0,5.0,0.0,30.45
14.0,0.0,90510.0,90604.0,2.0,3.2,0.0,2.0,7.0,0.0,81.6
14.0,0.0,92114.0,92206.0,0.0,3.2,1.0,0.0,4.0,3.0,86.4
14.0,0.0,94824.0,94922.0,1.0,2.9,0.0,0.0,5.0,0.0,73.95
14.0,0.0,96222.0,96340.0,1.0,2.9,0.0,0.0,5.0,0.0,33.35
14.0,0.0,97768.0,97890.0,1.0,3.0,0.0,1.0,7.0,0.0,58.5
14.0,0.0,99488.0,99590.0,1.0,2.9,0.0,1.0,5.0,2.0,60.9
14.0,0.0,101314.0,101412.0,0.0,3.2,1.0,0.0,4.0,3.0,67.2
14.0,0.0,102930.0,103030.0,2.0,2.8,0.0,3.0,5.0,0.0,71.4
14.0,0.0,104536.0,104648.0,2.0,3.3,0.0,0.0,7.0,0.0,37.95
14.0,0.0,106070.0,106154.0,1.0,2.8,0.0,2.0,5.0,0.0,60.2
14.0,0.0,107814.0,107908.0,0.0,3.2,1.0,0.0,4.0,3.0,70.4
14.0,0.0,109244.0,109342.0,1.0,2.9,0.0,0.0,5.0,0.0,68.15
14.0,0.0,110776.0,110878.0,2.0,3.2,0.0,2.0,7.0,0.0,65.6
14.0,0.0,113234.0,113342.0,2.0,2.8,0.0,3.0,5.0,0.0,43.4
14.0,0.0,114978.0,115088.0,0.0,3.2,1.0,0.0,4.0,3.0,52.8
14.0,0.0,116664.0,116770.0,1.0,2.9,0.0,0.0,5.0,0.0,43.5
14.0,0.0,118020.0,118160.0,1.0,3.0,0.0,1.0,7.0,0.0,57.0
14.0,0.0,120030.0,120144.0,0.0,3.2,1.0,0.0,4.0,3.0,54.4
14.0,0.0,121800.0,121902.0,0.0,3.1,1.0,1.0,4.0,2.0,68.2
14.0,0.0,123372.0,123472.0,1.0,2.9,0.0,0.0,5.0,0.0,42.05
14.0,0.0,124700.0,124824.0,1.0,3.0,0.0,1.0,7.0,0.0,67.5
14.0,0.0,126450.0,126550.0,2.0,3.3,1.0,0.0,6.0,0.0,84.15
14.0,0.0,127932.0,128040.0,1.0,3.2,0.0,0.0,5.0,3.0,72.0
14.0,0.0,130172.0,130278.0,0.0,2.8,0.0,0.0,3.0,5.0,58.8
14.0,0.0,132030.0,132130.0,1.0,3.2,0.0,0.0,5.0,3.0,54.4
14.0,0.0,133560.0,133672.0,1.0,2.6,0.0,0.0,5.0,1.0,46.8
14.0,0.0,135320.0,135436.0,1.0,2.9,0.0,0.0,1.0,0.0,56.55
14.0,0.0,137092.0,137196.0,2.0,2.8,0.0,3.0,5.0,0.0,64.4
14.0,0.0,138666.0,138764.0,2.0,3.2,0.0,2.0,7.0,0.0,56.0
14.0,0.0,140382.0,140476.0,1.0,3.2,0.0,0.0,5.0,3.0,57.6
14.0,0.0,142040.0,142144.0,1.0,3.2,0.0,0.0,5.0,3.0,72.0
14.0,0.0,143560.0,143660.0,1.0,3.2,0.0,0.0,5.0,3.0,52.8
14.0,0.0,145092.0,145200.0,1.0,3.2,0.0,0.0,5.0,3.0,67.2
14.0,0.0,146672.0,146792.0,1.0,3.2,0.0,0.0,5.0,3.0,80.0
14.0,0.0,148230.0,148330.0,2.0,2.8,0.0,3.0,5.0,0.0,67.2
17.0,0.0,2592.0,2686.0,1.0,3.0,0.0,0.0,5.0,0.0,63.0
17.0,0.0,3960.0,4071.0,1.0,3.0,0.0,2.0,5.0,0.0,67.5
17.0,0.0,5662.0,5771.0,1.0,3.0,0.0,0.0,5.0,0.0,73.5
17.0,0.0,6919.0,7012.0,2.0,3.4,0.0,2.0,7.0,0.0,81.6
17.0,0.0,8027.0,8170.0,1.0,3.3,0.0,3.0,5.0,3.0,61.05
17.0,0.0,9762.0,9860.0,1.0,3.0,0.0,0.0,5.0,0.0,67.5
17.0,0.0,11061.0,11147.0,1.0,3.0,0.0,2.0,5.0,0.0,67.5
17.0,0.0,12154.0,12244.0,1.0,3.0,0.0,1.0,5.0,2.0,73.5
17.0,0.0,13181.0,13265.0,1.0,3.1,0.0,1.0,7.0,0.0,71.3
17.0,0.0,14467.0,14561.0,1.0,3.0,0.0,0.0,5.0,0.0,72.0
17.0,0.0,15627.0,15712.0,2.0,3.4,0.0,2.0,7.0,0.0,81.6
17.0,0.0,16823.0,16906.0,1.0,3.0,0.0,0.0,5.0,0.0,67.5
17.0,0.0,18187.0,18278.0,1.0,3.0,0.0,0.0,5.0,0.0,72.0
17.0,0.0,19401.0,19491.0,1.0,3.3,0.0,0.0,5.0,3.0,84.15
17.0,0.0,21052.0,21134.0,1.0,3.0,0.0,2.0,5.0,0.0,69.0
17.0,0.0,22267.0,22372.0,2.0,3.4,0.0,2.0,7.0,0.0,86.7
17.0,0.0,23604.0,23691.0,1.0,3.0,0.0,0.0,5.0,0.0,70.5
17.0,0.0,25116.0,25215.0,2.0,3.4,0.0,2.0,7.0,0.0,76.5
17.0,0.0,26260.0,26335.0,1.0,3.0,0.0,2.0,5.0,0.0,72.0
17.0,0.0,27694.0,27778.0,1.0,3.0,0.0,0.0,5.0,0.0,67.5
17.0,0.0,28823.0,28929.0,1.0,3.1,0.0,1.0,7.0,0.0,68.2
17.0,0.0,30274.0,30350.0,1.0,3.0,0.0,2.0,5.0,0.0,66.0
17.0,0.0,31629.0,31715.0,1.0,3.0,0.0,0.0,5.0,0.0,54.0
17.0,0.0,33016.0,33092.0,1.0,3.0,0.0,2.0,5.0,0.0,66.0
17.0,0.0,34246.0,34340.0,1.0,3.0,0.0,0.0,5.0,0.0,76.5
17.0,0.0,35720.0,35814.0,1.0,3.1,0.0,1.0,7.0,0.0,83.7
17.0,0.0,36984.0,37075.0,1.0,3.4,0.0,1.0,5.0,4.0,86.7
17.0,0.0,38138.0,38219.0,1.0,3.0,0.0,2.0,5.0,0.0,63.0
17.0,0.0,39354.0,39452.0,1.0,3.0,0.0,2.0,5.0,0.0,72.0
17.0,0.0,42255.0,42348.0,1.0,3.1,0.0,1.0,7.0,0.0,72.85
17.0,0.0,43690.0,43788.0,2.0,3.4,0.0,2.0,7.0,0.0,68.0
17.0,0.0,45218.0,45333.0,1.0,3.4,0.0,1.0,5.0,4.0,88.4
17.0,0.0,46606.0,46696.0,2.0,3.5,0.0,0.0,7.0,0.0,77.0
17.0,0.0,47805.0,47900.0,1.0,3.4,0.0,1.0,5.0,4.0,74.8
17.0,0.0,48830.0,48934.0,1.0,3.1,0.0,1.0,7.0,0.0,0.0
17.0,0.0,49956.0,50048.0,1.0,3.1,0.0,1.0,7.0,0.0,68.2
17.0,0.0,51010.0,51108.0,1.0,3.1,0.0,1.0,7.0,0.0,74.4
17.0,0.0,52008.0,52092.0,1.0,3.4,0.0,1.0,5.0,4.0,81.6
17.0,0.0,53054.0,53145.0,1.0,3.1,0.0,1.0,7.0,0.0,72.85
17.0,0.0,54173.0,54272.0,2.0,3.8,0.0,1.0,9.0,0.0,83.6
17.0,0.0,55164.0,55259.0,1.0,3.4,0.0,1.0,5.0,4.0,76.5
17.0,0.0,56563.0,56652.0,1.0,3.1,0.0,1.0,7.0,0.0,75.95
17.0,0.0,57774.0,57885.0,2.0,3.4,0.0,2.0,7.0,0.0,42.5
17.0,0.0,59216.0,59305.0,1.0,3.1,0.0,1.0,7.0,0.0,65.1
17.0,0.0,60380.0,60467.0,2.0,3.5,0.0,0.0,7.0,0.0,84.0
17.0,0.0,61468.0,61563.0,1.0,3.3,0.0,3.0,5.0,3.0,74.25
17.0,0.0,62710.0,62806.0,2.0,3.8,0.0,1.0,9.0,0.0,91.2
17.0,0.0,63814.0,63896.0,1.0,3.1,0.0,1.0,7.0,0.0,65.1
17.0,0.0,65096.0,65182.0,1.0,3.0,0.0,3.0,5.0,0.0,72.0
17.0,0.0,66332.0,66420.0,1.0,3.0,0.0,0.0,5.0,0.0,63.0
17.0,0.0,67537.0,67625.0,1.0,3.3,0.0,3.0,5.0,3.0,70.95
17.0,0.0,68816.0,68903.0,1.0,3.1,0.0,1.0,7.0,0.0,74.4
17.0,0.0,69990.0,70086.0,1.0,3.1,0.0,1.0,7.0,0.0,65.1
17.0,0.0,71162.0,71262.0,1.0,3.4,0.0,1.0,5.0,4.0,85.0
17.0,0.0,72541.0,72634.0,1.0,3.3,0.0,3.0,5.0,3.0,80.85
17.0,0.0,73983.0,74080.0,2.0,3.4,0.0,2.0,7.0,0.0,81.6
17.0,0.0,75056.0,75139.0,1.0,3.1,0.0,1.0,7.0,0.0,60.45
17.0,0.0,76026.0,76105.0,1.0,3.1,0.0,1.0,7.0,0.0,66.65
17.0,0.0,79110.0,79200.0,2.0,3.8,0.0,1.0,9.0,0.0,89.3
17.0,0.0,80152.0,80237.0,1.0,3.1,0.0,1.0,7.0,0.0,69.75
17.0,0.0,81658.0,81751.0,2.0,3.5,0.0,3.0,7.0,0.0,85.75
17.0,0.0,82823.0,82913.0,2.0,3.5,0.0,3.0,7.0,0.0,45.5
17.0,0.0,84097.0,84191.0,1.0,3.0,0.0,0.0,5.0,0.0,54.0
17.0,0.0,85381.0,85465.0,1.0,3.4,0.0,1.0,5.0,4.0,66.3
17.0,0.0,86380.0,86463.0,1.0,3.4,0.0,1.0,5.0,4.0,66.3
17.0,0.0,87409.0,87494.0,1.0,3.4,0.0,1.0,5.0,4.0,76.5
17.0,0.0,88501.0,88593.0,1.0,3.0,0.0,3.0,5.0,0.0,72.0
17.0,0.0,89542.0,89638.0,1.0,3.4,0.0,1.0,5.0,4.0,81.6
17.0,0.0,90712.0,90804.0,1.0,3.0,0.0,0.0,5.0,0.0,67.5
17.0,0.0,91695.0,91780.0,1.0,3.1,0.0,1.0,7.0,0.0,74.4
17.0,0.0,93090.0,93181.0,1.0,3.4,0.0,1.0,5.0,4.0,79.9
17.0,0.0,95786.0,95874.0,1.0,3.0,0.0,0.0,5.0,0.0,63.0
17.0,0.0,96878.0,96969.0,2.0,3.5,0.0,3.0,7.0,0.0,82.25
17.0,0.0,97923.0,98018.0,1.0,3.0,0.0,3.0,5.0,0.0,76.5
17.0,0.0,99152.0,99240.0,1.0,3.3,0.0,3.0,5.0,3.0,79.2
17.0,0.0,100266.0,100359.0,1.0,3.4,0.0,1.0,5.0,4.0,68.0
17.0,0.0,101835.0,101933.0,1.0,3.3,0.0,3.0,5.0,3.0,64.35
17.0,0.0,103016.0,103102.0,1.0,3.3,0.0,3.0,5.0,3.0,70.95
17.0,0.0,104277.0,104370.0,2.0,3.5,0.0,3.0,7.0,0.0,57.75
17.0,0.0,105699.0,105769.0,1.0,3.4,0.0,1.0,5.0,4.0,76.5
17.0,0.0,107019.0,107106.0,1.0,3.0,0.0,0.0,5.0,0.0,69.0
17.0,0.0,108177.0,108260.0,2.0,3.5,0.0,3.0,7.0,0.0,89.25
17.0,0.0,109564.0,109642.0,1.0,3.0,0.0,0.0,5.0,0.0,76.5
17.0,0.0,110900.0,110985.0,2.0,3.8,0.0,1.0,9.0,0.0,81.7
17.0,0.0,112172.0,112268.0,1.0,3.0,0.0,0.0,5.0,0.0,49.5
17.0,0.0,113568.0,113656.0,1.0,3.0,0.0,0.0,5.0,0.0,72.0
17.0,0.0,117873.0,117963.0,2.0,3.4,0.0,2.0,7.0,0.0,76.5
17.0,0.0,119002.0,119098.0,2.0,3.5,0.0,3.0,7.0,0.0,73.5
17.0,0.0,120656.0,120741.0,2.0,3.4,0.0,2.0,7.0,0.0,78.2
17.0,0.0,121806.0,121891.0,1.0,3.4,0.0,1.0,5.0,4.0,71.4
17.0,0.0,122947.0,123037.0,2.0,3.5,0.0,3.0,7.0,0.0,68.25
17.0,0.0,124425.0,124514.0,1.0,3.0,0.0,0.0,5.0,0.0,63.0
17.0,0.0,125767.0,125862.0,1.0,3.0,0.0,0.0,5.0,0.0,67.5
17.0,0.0,126757.0,126841.0,1.0,3.3,0.0,3.0,5.0,3.0,79.2
17.0,0.0,127988.0,128078.0,2.0,3.4,0.0,2.0,7.0,0.0,78.2
17.0,0.0,129056.0,129143.0,2.0,3.5,0.0,3.0,7.0,0.0,63.0
17.0,0.0,130083.0,130175.0,2.0,3.5,0.0,3.0,7.0,0.0,78.5
17.0,0.0,131379.0,131465.0,0.0,3.4,0.0,3.0,3.0,7.0,81.6
17.0,0.0,132347.0,132432.0,2.0,3.5,0.0,3.0,7.0,0.0,87.5
17.0,0.0,133664.0,133753.0,2.0,3.5,0.0,3.0,7.0,0.0,77.0
17.0,0.0,134864.0,134942.0,1.0,3.4,0.0,1.0,5.0,4.0,81.6
17.0,0.0,136173.0,136258.0,2.0,3.4,0.0,2.0,7.0,0.0,81.6
17.0,0.0,137328.0,137414.0,2.0,3.5,0.0,3.0,7.0,0.0,78.75
17.0,0.0,138466.0,138548.0,2.0,3.5,0.0,0.0,7.0,0.0,68.25
17.0,0.0,139829.0,139918.0,1.0,3.4,0.0,1.0,5.0,4.0,81.6
17.0,0.0,141106.0,141190.0,2.0,3.5,0.0,3.0,7.0,0.0,77.0
17.0,0.0,142434.0,142522.0,1.0,3.1,0.0,1.0,7.0,0.0,63.55
17.0,0.0,143945.0,144050.0,2.0,3.4,0.0,2.0,7.0,0.0,52.7
17.0,0.0,145149.0,145236.0,1.0,3.0,0.0,3.0,5.0,0.0,66.0
17.0,0.0,146506.0,146590.0,2.0,3.4,0.0,2.0,7.0,0.0,86.7
17.0,0.0,147991.0,148078.0,2.0,3.4,0.0,2.0,7.0,0.0,78.2
17.0,0.0,149290.0,149377.0,2.0,3.5,0.0,3.0,7.0,0.0,75.25
17.0,0.0,150413.0,150506.0,2.0,3.5,0.0,3.0,7.0,0.0,80.5
17.0,0.0,151397.0,151486.0,2.0,3.5,0.0,3.0,7.0,0.0,71.75
17.0,0.0,154411.0,154498.0,2.0,3.5,0.0,3.0,7.0,0.0,75.25
17.0,0.0,155847.0,155946.0,2.0,3.5,0.0,0.0,7.0,0.0,73.5
17.0,0.0,157501.0,157584.0,2.0,3.8,0.0,1.0,9.0,0.0,91.2
17.0,0.0,158821.0,158905.0,1.0,3.3,0.0,0.0,5.0,3.0,74.25
17.0,0.0,160178.0,160268.0,2.0,3.4,0.0,2.0,7.0,0.0,76.5
17.0,0.0,161296.0,161380.0,2.0,3.5,0.0,3.0,7.0,0.0,31.5
17.0,0.0,162938.0,163022.0,1.0,3.0,0.0,2.0,5.0,0.0,73.5
17.0,0.0,164252.0,164335.0,2.0,3.4,0.0,2.0,7.0,0.0,76.5
17.0,0.0,165422.0,165508.0,2.0,3.5,0.0,3.0,7.0,0.0,89.25
17.0,0.0,166509.0,166594.0,1.0,3.4,0.0,1.0,5.0,4.0,74.8
17.0,0.0,167970.0,168056.0,2.0,3.4,0.0,2.0,7.0,0.0,81.6
17.0,0.0,169355.0,169438.0,2.0,3.4,0.0,2.0,7.0,0.0,71.4
17.0,0.0,170652.0,170735.0,1.0,3.0,0.0,0.0,5.0,0.0,69.0
17.0,0.0,172113.0,172197.0,1.0,3.4,0.0,1.0,5.0,4.0,81.6
17.0,0.0,173135.0,173215.0,1.0,3.9,0.0,1.0,5.0,6.0,81.9
17.0,0.0,174489.0,174575.0,1.0,3.1,0.0,1.0,7.0,0.0,77.5
17.0,0.0,175903.0,175989.0,1.0,3.0,0.0,0.0,5.0,0.0,63.0
17.0,0.0,177127.0,177208.0,2.0,3.5,0.0,3.0,7.0,0.0,75.25
17.0,0.0,178566.0,178649.0,2.0,3.4,0.0,2.0,7.0,0.0,76.5
17.0,0.0,179975.0,180045.0,2.0,3.4,0.0,2.0,7.0,0.0,81.6
17.0,0.0,181452.0,181565.0,2.0,3.5,0.0,0.0,7.0,0.0,71.75
17.0,0.0,182990.0,183073.0,2.0,3.5,0.0,3.0,7.0,0.0,35.0
17.0,0.0,184207.0,184293.0,1.0,3.3,0.0,3.0,5.0,3.0,69.3
17.0,0.0,185516.0,185603.0,2.0,3.8,0.0,1.0,9.0,0.0,39.9
17.0,0.0,187006.0,187092.0,2.0,3.5,0.0,3.0,7.0,0.0,85.75
17.0,0.0,188322.0,188413.0,1.0,3.0,0.0,0.0,5.0,0.0,67.5
17.0,0.0,189477.0,189566.0,1.0,3.3,0.0,3.0,5.0,3.0,57.75
17.0,0.0,190631.0,190723.0,1.0,3.3,0.0,3.0,5.0,3.0,77.55
17.0,0.0,193876.0,193959.0,1.0,3.4,0.0,1.0,5.0,4.0,64.6
17.0,0.0,195076.0,195168.0,1.0,3.3,0.0,3.0,5.0,3.0,61.05
17.0,0.0,196780.0,196877.0,1.0,3.9,0.0,1.0,5.0,6.0,83.85
17.0,0.0,198033.0,198114.0,2.0,3.8,0.0,1.0,9.0,0.0,91.2
17.0,0.0,199465.0,199554.0,2.0,3.8,0.0,1.0,9.0,0.0,76.0
17.0,0.0,203343.0,203422.0,1.0,3.0,0.0,3.0,5.0,0.0,76.5
17.0,0.0,204679.0,204768.0,1.0,3.0,0.0,0.0,5.0,0.0,72.0
17.0,0.0,205643.0,205832.0,1.0,3.7,0.0,3.0,5.0,5.0,83.25
17.0,0.0,206920.0,206998.0,1.0,3.3,0.0,3.0,5.0,3.0,69.3
17.0,0.0,208002.0,208087.0,0.0,3.4,0.0,3.0,3.0,7.0,81.6
17.0,0.0,209255.0,209340.0,2.0,3.5,0.0,3.0,7.0,0.0,80.5
17.0,0.0,210292.0,210371.0,1.0,3.4,0.0,1.0,5.0,4.0,76.5
17.0,0.0,211868.0,211943.0,1.0,3.9,0.0,1.0,5.0,6.0,93.6
17.0,0.0,212889.0,212998.0,2.0,3.8,0.0,1.0,9.0,0.0,91.2
17.0,0.0,214059.0,214150.0,1.0,3.4,0.0,1.0,5.0,0.0,78.2
17.0,0.0,215297.0,215381.0,1.0,3.4,0.0,1.0,5.0,4.0,81.6
17.0,0.0,216751.0,216837.0,2.0,3.4,0.0,2.0,7.0,0.0,66.3
17.0,0.0,218136.0,218224.0,2.0,3.8,0.0,1.0,9.0,0.0,74.1
17.0,0.0,219463.0,219547.0,1.0,3.4,0.0,1.0,5.0,4.0,73.1
17.0,0.0,220846.0,220974.0,1.0,3.4,0.0,1.0,5.0,4.0,0.0
17.0,0.0,222431.0,222514.0,1.0,3.0,0.0,2.0,5.0,0.0,73.5
17.0,0.0,223966.0,224057.0,2.0,3.4,0.0,2.0,7.0,0.0,64.6
17.0,0.0,225275.0,225357.0,1.0,3.3,0.0,3.0,5.0,3.0,74.25
17.0,0.0,226799.0,226883.0,1.0,3.4,0.0,1.0,5.0,4.0,81.6
17.0,0.0,228063.0,228166.0,1.0,3.3,0.0,3.0,5.0,3.0,82.5
17.0,0.0,229380.0,229467.0,1.0,3.4,0.0,1.0,5.0,4.0,71.4
17.0,0.0,230619.0,230702.0,1.0,3.4,0.0,1.0,5.0,4.0,73.1
18.0,0.0,7192.0,7380.0,1.0,3.1,0.0,1.0,7.0,0.0,79.05
18.0,0.0,8754.0,8868.0,1.0,3.0,0.0,0.0,5.0,0.0,72.0
18.0,0.0,10200.0,10300.0,1.0,3.0,0.0,0.0,5.0,0.0,70.5
18.0,0.0,11614.0,11724.0,1.0,3.0,0.0,0.0,5.0,0.0,72.0
18.0,0.0,13026.0,13126.0,1.0,3.0,0.0,0.0,5.0,0.0,72.0
18.0,0.0,14584.0,14678.0,2.0,3.4,0.0,2.0,7.0,0.0,78.2
18.0,0.0,16042.0,16124.0,1.0,3.0,0.0,0.0,5.0,0.0,76.5
18.0,0.0,17304.0,17492.0,1.0,3.1,0.0,1.0,7.0,0.0,83.7
18.0,0.0,18628.0,18774.0,1.0,3.4,0.0,1.0,5.0,4.0,86.7
18.0,0.0,20116.0,20198.0,1.0,3.0,0.0,0.0,5.0,0.0,81.0
18.0,0.0,21458.0,21546.0,2.0,3.4,0.0,2.0,7.0,0.0,85.0
18.0,0.0,22996.0,23082.0,1.0,3.0,0.0,0.0,5.0,0.0,72.0
18.0,0.0,25506.0,25648.0,1.0,3.4,0.0,1.0,5.0,4.0,78.2
18.0,0.0,26878.0,27014.0,1.0,3.1,0.0,1.0,7.0,0.0,68.2
18.0,0.0,27990.0,28118.0,1.0,3.4,0.0,1.0,5.0,4.0,86.7
18.0,0.0,29386.0,29524.0,1.0,3.0,0.0,3.0,5.0,0.0,58.5
18.0,0.0,30634.0,30788.0,1.0,3.3,0.0,3.0,5.0,3.0,80.85
18.0,0.0,31988.0,32138.0,2.0,3.8,0.0,1.0,9.0,0.0,68.4
18.0,0.0,33200.0,33352.0,1.0,3.1,0.0,1.0,7.0,0.0,75.95
18.0,0.0,34632.0,34766.0,1.0,3.3,0.0,3.0,5.0,3.0,84.15
18.0,0.0,36090.0,36184.0,2.0,3.4,0.0,2.0,7.0,0.0,85.0
18.0,0.0,37242.0,37378.0,1.0,3.4,0.0,1.0,5.0,4.0,86.7
18.0,0.0,38616.0,38700.0,2.0,3.5,0.0,0.0,7.0,0.0,91.0
18.0,0.0,40018.0,40166.0,1.0,3.4,0.0,1.0,5.0,4.0,81.6
18.0,0.0,42590.0,42736.0,1.0,3.0,0.0,3.0,5.0,0.0,49.5
18.0,0.0,43910.0,44056.0,2.0,3.8,0.0,1.0,9.0,0.0,91.2
18.0,0.0,45006.0,45152.0,2.0,3.8,0.0,1.0,9.0,0.0,55.1
18.0,0.0,46534.0,46664.0,1.0,3.3,0.0,3.0,5.0,3.0,74.25
18.0,0.0,47658.0,47800.0,1.0,3.0,0.0,3.0,5.0,0.0,81.0
18.0,0.0,48896.0,49054.0,1.0,3.3,0.0,3.0,5.0,3.0,79.2
18.0,0.0,50056.0,50198.0,1.0,3.9,0.0,1.0,5.0,6.0,87.75
18.0,0.0,51694.0,51780.0,1.0,3.0,0.0,0.0,5.0,0.0,76.5
18.0,0.0,52918.0,53050.0,2.0,3.8,0.0,1.0,9.0,0.0,95.0
18.0,0.0,54188.0,54320.0,2.0,3.5,0.0,3.0,7.0,0.0,96.25
18.0,0.0,55520.0,55656.0,2.0,3.5,0.0,3.0,7.0,0.0,89.25
18.0,0.0,57050.0,57182.0,2.0,3.5,0.0,3.0,7.0,0.0,89.25
18.0,0.0,59644.0,59778.0,1.0,3.3,0.0,3.0,5.0,3.0,79.2
18.0,0.0,61194.0,61278.0,2.0,3.4,0.0,2.0,7.0,0.0,86.7
18.0,0.0,62180.0,62330.0,2.0,3.5,0.0,3.0,7.0,0.0,42.0
18.0,0.0,63734.0,63868.0,1.0,3.4,0.0,1.0,5.0,4.0,78.2
18.0,0.0,65214.0,65294.0,2.0,3.4,0.0,2.0,7.0,0.0,83.3
18.0,0.0,66548.0,66686.0,2.0,3.5,0.0,3.0,7.0,0.0,82.25
18.0,0.0,67958.0,68040.0,2.0,3.4,0.0,2.0,7.0,0.0,78.5
18.0,0.0,69646.0,69732.0,2.0,3.4,0.0,2.0,7.0,0.0,81.6
18.0,0.0,70980.0,71100.0,2.0,3.5,0.0,3.0,7.0,0.0,89.25
18.0,0.0,72430.0,72516.0,2.0,3.4,0.0,2.0,7.0,0.0,91.8
18.0,0.0,73638.0,73768.0,1.0,3.4,0.0,1.0,5.0,4.0,86.7
18.0,0.0,75272.0,75362.0,2.0,3.4,0.0,2.0,7.0,0.0,85.0
18.0,0.0,78400.0,78490.0,2.0,3.4,0.0,2.0,7.0,0.0,76.5
18.0,0.0,79800.0,79936.0,2.0,3.5,0.0,3.0,7.0,0.0,89.25
18.0,0.0,81368.0,81464.0,2.0,3.4,0.0,2.0,7.0,0.0,35.7
18.0,0.0,82890.0,82984.0,2.0,3.4,0.0,2.0,7.0,0.0,56.1
18.0,0.0,84120.0,84242.0,2.0,3.8,0.0,1.0,9.0,0.0,74.1
18.0,0.0,85522.0,85614.0,1.0,3.0,0.0,0.0,5.0,0.0,67.5
18.0,0.0,86632.0,86784.0,2.0,3.5,0.0,3.0,7.0,0.0,94.5
18.0,0.0,88096.0,88230.0,2.0,3.5,0.0,3.0,7.0,0.0,84.0
18.0,0.0,89638.0,89728.0,1.0,3.0,0.0,0.0,5.0,0.0,72.0
18.0,0.0,91000.0,91142.0,2.0,3.8,0.0,1.0,9.0,0.0,96.9
18.0,0.0,92272.0,92404.0,1.0,3.9,0.0,1.0,5.0,6.0,99.45
18.0,0.0,93812.0,93944.0,2.0,3.8,0.0,1.0,9.0,0.0,98.8
18.0,0.0,97274.0,97362.0,1.0,3.0,0.0,0.0,5.0,0.0,75.0
18.0,0.0,98916.0,99052.0,1.0,3.4,0.0,1.0,5.0,4.0,81.6
18.0,0.0,100694.0,100828.0,0.0,3.4,0.0,3.0,3.0,7.0,81.6
18.0,0.0,102532.0,102664.0,2.0,3.8,0.0,1.0,9.0,0.0,100.7
18.0,0.0,104758.0,104894.0,1.0,3.4,0.0,1.0,5.0,4.0,22.1
18.0,0.0,106562.0,106700.0,1.0,3.4,0.0,1.0,5.0,4.0,86.7
18.0,0.0,108168.0,108312.0,1.0,3.7,0.0,3.0,5.0,5.0,94.35
18.0,0.0,110132.0,110266.0,1.0,3.4,0.0,1.0,5.0,4.0,88.4
18.0,0.0,112234.0,112366.0,1.0,3.7,0.0,3.0,5.0,5.0,64.75
18.0,0.0,114056.0,114192.0,1.0,3.3,0.0,3.0,5.0,3.0,89.1
18.0,0.0,116146.0,116272.0,2.0,3.8,0.0,1.0,9.0,0.0,104.5
18.0,0.0,118730.0,118866.0,1.0,3.9,0.0,1.0,5.0,6.0,97.5
22.0,0.0,10170.0,10250.0,1.0,2.4,0.0,1.0,5.0,0.0,50.4
22.0,0.0,11564.0,11640.0,2.0,2.7,0.0,2.0,5.0,0.0,59.4
22.0,0.0,13002.0,13086.0,2.0,2.7,0.0,2.0,5.0,0.0,52.65
22.0,0.0,14394.0,14500.0,2.0,2.7,0.0,2.0,5.0,0.0,54.0
22.0,0.0,15824.0,15908.0,1.0,3.0,0.0,2.0,5.0,0.0,63.0
22.0,0.0,17486.0,17560.0,2.0,2.7,0.0,2.0,5.0,0.0,64.8
22.0,0.0,18734.0,18904.0,2.0,2.8,0.0,1.0,7.0,0.0,47.6
22.0,0.0,20342.0,20432.0,2.0,2.7,0.0,2.0,5.0,0.0,52.65
22.0,0.0,21816.0,21898.0,2.0,2.7,0.0,2.0,5.0,0.0,56.7
22.0,0.0,23440.0,23516.0,1.0,3.0,0.0,2.0,5.0,0.0,67.5
22.0,0.0,24694.0,24854.0,2.0,2.8,0.0,1.0,7.0,0.0,51.8
22.0,0.0,26342.0,26424.0,2.0,2.7,0.0,2.0,5.0,0.0,64.8
22.0,0.0,29648.0,29732.0,2.0,2.7,0.0,2.0,5.0,0.0,48.6
22.0,0.0,30848.0,30992.0,1.0,2.4,0.0,1.0,5.0,0.0,51.6
22.0,0.0,32110.0,32250.0,1.0,2.4,0.0,1.0,5.0,0.0,54.0
22.0,0.0,33462.0,33614.0,1.0,3.0,0.0,1.0,5.0,2.0,40.5
22.0,0.0,34918.0,35088.0,1.0,3.1,0.0,1.0,7.0,0.0,37.2
22.0,0.0,36460.0,36590.0,1.0,2.4,0.0,1.0,5.0,0.0,57.6
22.0,0.0,37906.0,38070.0,1.0,3.0,0.0,1.0,5.0,2.0,55.5
22.0,0.0,39544.0,39630.0,2.0,2.8,0.0,0.0,5.0,0.0,54.6
22.0,0.0,41056.0,41142.0,2.0,2.8,0.0,0.0,5.0,0.0,46.2
22.0,0.0,42278.0,42420.0,2.0,2.8,0.0,1.0,7.0,0.0,54.6
22.0,0.0,43842.0,43938.0,2.0,2.8,0.0,0.0,5.0,0.0,54.6
22.0,0.0,45640.0,45722.0,2.0,2.8,0.0,0.0,5.0,0.0,68.6
22.0,0.0,48900.0,48980.0,2.0,2.8,0.0,0.0,5.0,0.0,32.2
22.0,0.0,50390.0,50474.0,2.0,2.8,0.0,0.0,5.0,0.0,36.4
22.0,0.0,51936.0,52020.0,2.0,2.8,0.0,0.0,5.0,0.0,36.4
22.0,0.0,53466.0,53554.0,2.0,2.8,0.0,0.0,5.0,0.0,35.0
22.0,0.0,54770.0,54904.0,1.0,3.0,0.0,1.0,5.0,2.0,63.0
22.0,0.0,56874.0,56956.0,2.0,2.8,0.0,0.0,5.0,0.0,57.4
22.0,0.0,58304.0,58462.0,2.0,2.8,0.0,3.0,5.0,0.0,53.2
22.0,0.0,59990.0,60116.0,2.0,2.8,0.0,3.0,5.0,0.0,63.0
22.0,0.0,61484.0,61636.0,1.0,3.0,0.0,3.0,5.0,0.0,45.0
22.0,0.0,63220.0,63296.0,2.0,2.8,0.0,0.0,5.0,0.0,63.0
22.0,0.0,64714.0,64800.0,2.0,2.7,0.0,2.0,5.0,0.0,36.45
22.0,0.0,66000.0,66128.0,2.0,2.8,0.0,3.0,5.0,0.0,64.4
22.0,0.0,69162.0,69300.0,2.0,2.8,0.0,3.0,5.0,0.0,30.8
22.0,0.0,70750.0,70886.0,2.0,2.8,0.0,3.0,5.0,0.0,43.4
22.0,0.0,72510.0,72590.0,0.0,2.4,0.0,0.0,3.0,3.0,48.0
22.0,0.0,74016.0,74178.0,2.0,2.8,0.0,1.0,7.0,0.0,53.2
22.0,0.0,75866.0,75950.0,1.0,3.0,0.0,0.0,5.0,0.0,30.0
22.0,0.0,77530.0,77666.0,2.0,2.8,0.0,3.0,5.0,0.0,67.2
22.0,0.0,79366.0,79446.0,2.0,2.8,0.0,0.0,5.0,0.0,54.6
22.0,0.0,81190.0,81320.0,0.0,2.9,0.0,3.0,3.0,5.0,53.65
22.0,0.0,82790.0,82938.0,1.0,3.0,0.0,1.0,5.0,2.0,40.5
22.0,0.0,84560.0,84640.0,0.0,2.4,0.0,0.0,3.0,3.0,48.0
22.0,0.0,86250.0,86376.0,1.0,3.0,0.0,1.0,5.0,2.0,46.5
22.0,0.0,88144.0,88228.0,0.0,2.4,0.0,0.0,3.0,3.0,61.2
26.0,0.0,19546.0,19622.0,1.0,3.0,0.0,2.0,5.0,0.0,58.5
26.0,0.0,20770.0,20904.0,1.0,3.0,0.0,1.0,5.0,2.0,57.0
26.0,0.0,22338.0,22418.0,2.0,2.7,0.0,2.0,5.0,0.0,56.7
26.0,0.0,23670.0,23750.0,1.0,3.0,0.0,0.0,5.0,0.0,64.5
26.0,0.0,25106.0,25200.0,1.0,3.0,0.0,2.0,5.0,0.0,63.0
26.0,0.0,26522.0,26600.0,1.0,3.0,0.0,2.0,5.0,0.0,63.0
26.0,0.0,27788.0,27914.0,1.0,3.0,0.0,1.0,5.0,2.0,70.5
26.0,0.0,29372.0,29450.0,1.0,3.0,0.0,2.0,5.0,0.0,67.5
26.0,0.0,30816.0,30896.0,1.0,3.0,0.0,2.0,5.0,0.0,63.0
26.0,0.0,32320.0,32404.0,1.0,3.0,0.0,2.0,5.0,0.0,61.5
26.0,0.0,33688.0,33790.0,1.0,3.0,0.0,0.0,5.0,0.0,63.0
26.0,0.0,35150.0,35228.0,1.0,3.0,0.0,2.0,5.0,0.0,64.5
26.0,0.0,36958.0,37082.0,2.0,2.8,0.0,1.0,7.0,0.0,54.6
26.0,0.0,38276.0,38406.0,1.0,3.0,0.0,3.0,5.0,0.0,58.5
26.0,0.0,39670.0,39810.0,2.0,2.8,0.0,1.0,7.0,0.0,58.8
26.0,0.0,40880.0,41000.0,1.0,3.1,0.0,1.0,7.0,0.0,65.1
26.0,0.0,42192.0,42326.0,1.0,3.0,0.0,3.0,5.0,0.0,49.5
26.0,0.0,43470.0,43602.0,1.0,3.1,0.0,1.0,7.0,0.0,55.8
26.0,0.0,45214.0,45300.0,1.0,3.0,0.0,0.0,5.0,0.0,52.5
26.0,0.0,46646.0,46788.0,1.0,3.1,0.0,1.0,7.0,0.0,68.2
26.0,0.0,47950.0,48080.0,1.0,3.1,0.0,1.0,7.0,0.0,60.45
26.0,0.0,49282.0,49400.0,1.0,3.1,0.0,1.0,7.0,0.0,69.75
26.0,0.0,50690.0,50810.0,1.0,3.0,0.0,3.0,5.0,0.0,67.5
26.0,0.0,52272.0,52356.0,1.0,3.0,0.0,0.0,5.0,0.0,70.5
26.0,0.0,54382.0,54472.0,1.0,3.0,0.0,0.0,5.0,0.0,63.0
26.0,0.0,55652.0,55790.0,1.0,3.1,0.0,1.0,7.0,0.0,65.1
26.0,0.0,57026.0,57132.0,1.0,3.0,0.0,1.0,5.0,2.0,63.0
26.0,0.0,58438.0,58520.0,1.0,3.0,0.0,2.0,5.0,0.0,48.0
26.0,0.0,59754.0,59846.0,1.0,3.0,0.0,0.0,5.0,0.0,58.5
26.0,0.0,61168.0,61270.0,2.0,2.8,0.0,0.0,5.0,0.0,54.6
26.0,0.0,62544.0,62682.0,1.0,3.1,0.0,1.0,7.0,0.0,71.3
26.0,0.0,64122.0,64212.0,1.0,3.0,0.0,0.0,5.0,0.0,46.5
26.0,0.0,65280.0,65418.0,1.0,3.0,0.0,3.0,5.0,0.0,63.0
26.0,0.0,66798.0,66884.0,1.0,3.0,0.0,0.0,5.0,0.0,76.5
26.0,0.0,68240.0,68324.0,1.0,3.0,0.0,2.0,5.0,0.0,40.5
26.0,0.0,69436.0,69566.0,1.0,3.0,0.0,1.0,5.0,2.0,70.5
26.0,0.0,71270.0,71380.0,1.0,3.0,0.0,3.0,5.0,0.0,48.0
26.0,0.0,72824.0,72906.0,2.0,2.7,0.0,2.0,5.0,0.0,48.6
26.0,0.0,74106.0,74212.0,1.0,3.0,0.0,3.0,5.0,0.0,60.2
26.0,0.0,75308.0,75428.0,1.0,3.0,0.0,3.0,5.0,0.0,63.0
26.0,0.0,76466.0,76616.0,1.0,3.1,0.0,1.0,7.0,0.0,60.45
26.0,0.0,77840.0,77980.0,2.0,2.8,0.0,3.0,5.0,0.0,65.8
26.0,0.0,79250.0,79398.0,1.0,3.0,0.0,3.0,5.0,0.0,54.0
26.0,0.0,80740.0,80886.0,1.0,3.0,0.0,3.0,5.0,0.0,63.0
26.0,0.0,82262.0,82350.0,1.0,3.0,0.0,0.0,5.0,0.0,63.0
26.0,0.0,83442.0,83586.0,1.0,3.0,0.0,3.0,5.0,0.0,76.5
26.0,0.0,84808.0,84940.0,1.0,3.1,0.0,1.0,7.0,0.0,68.2
26.0,0.0,86010.0,86144.0,1.0,3.1,0.0,1.0,7.0,0.0,68.2
26.0,0.0,88034.0,88180.0,0.0,2.9,0.0,3.0,3.0,5.0,47.85
26.0,0.0,89742.0,89824.0,1.0,3.0,0.0,0.0,5.0,0.0,63.0
26.0,0.0,91164.0,91246.0,2.0,2.8,0.0,0.0,5.0,0.0,58.8
26.0,0.0,92410.0,92552.0,1.0,3.0,0.0,1.0,5.0,2.0,67.5
26.0,0.0,93724.0,93874.0,1.0,3.0,0.0,1.0,5.0,2.0,67.5
26.0,0.0,95220.0,95366.0,1.0,3.0,0.0,1.0,5.0,2.0,45.0
26.0,0.0,96818.0,96910.0,2.0,2.7,0.0,2.0,5.0,0.0,52.65
26.0,0.0,98204.0,98336.0,1.0,3.0,0.0,1.0,5.0,2.0,63.0
26.0,0.0,99708.0,99836.0,1.0,3.0,0.0,1.0,5.0,2.0,67.5
26.0,0.0,101054.0,101176.0,1.0,3.0,0.0,1.0,5.0,2.0,63.0
26.0,0.0,102386.0,102516.0,1.0,3.0,0.0,1.0,5.0,2.0,69.0
26.0,0.0,103624.0,103750.0,1.0,3.0,0.0,3.0,5.0,0.0,51.0
26.0,0.0,154982.0,155081.0,1.0,3.0,0.0,1.0,7.0,0.0,25.5
26.0,0.0,156536.0,156630.0,1.0,3.0,0.0,1.0,7.0,0.0,49.5
26.0,0.0,157850.0,157934.0,1.0,3.0,0.0,1.0,7.0,0.0,72.0
26.0,0.0,159978.0,160068.0,0.0,3.6,1.0,0.0,4.0,5.0,86.4
26.0,0.0,161416.0,161500.0,1.0,3.0,0.0,1.0,7.0,0.0,58.5
26.0,0.0,163316.0,163396.0,2.0,3.2,0.0,2.0,7.0,0.0,67.2
26.0,0.0,164950.0,165040.0,1.0,3.2,0.0,0.0,5.0,3.0,73.6
26.0,0.0,167022.0,167104.0,1.0,3.0,0.0,1.0,7.0,0.0,67.5
26.0,0.0,169060.0,169180.0,2.0,3.3,1.0,0.0,6.0,0.0,62.7
26.0,0.0,171940.0,172058.0,1.0,3.0,0.0,1.0,7.0,0.0,58.5
26.0,0.0,173880.0,173996.0,1.0,3.5,1.0,0.0,6.0,0.0,94.5
26.0,0.0,176614.0,176712.0,2.0,3.2,0.0,2.0,7.0,0.0,51.2
26.0,0.0,178380.0,178470.0,2.0,2.8,0.0,3.0,5.0,0.0,63.0
26.0,0.0,180220.0,180314.0,0.0,3.2,1.0,0.0,4.0,3.0,67.2
26.0,0.0,181992.0,182094.0,2.0,3.2,0.0,2.0,7.0,0.0,72.0
26.0,0.0,183450.0,183554.0,2.0,3.2,0.0,2.0,7.0,0.0,67.2
26.0,0.0,185408.0,185506.0,2.0,3.3,1.0,0.0,6.0,0.0,64.35
26.0,0.0,187450.0,187544.0,0.0,3.2,1.0,0.0,4.0,3.0,62.4
26.0,0.0,189192.0,189264.0,0.0,3.2,1.0,0.0,4.0,3.0,70.4
26.0,0.0,190372.0,190466.0,1.0,3.0,0.0,1.0,7.0,0.0,72.0
26.0,0.0,192200.0,192306.0,0.0,3.6,1.0,0.0,4.0,5.0,63.0
26.0,0.0,194036.0,194132.0,0.0,3.6,0.0,0.0,5.0,5.0,64.8
26.0,0.0,196580.0,196688.0,1.0,2.9,0.0,0.0,5.0,0.0,58.0
26.0,0.0,200610.0,200712.0,2.0,3.3,0.0,0.0,7.0,0.0,34.65
26.0,0.0,202370.0,202482.0,2.0,3.3,0.0,0.0,7.0,0.0,33.0
26.0,0.0,204050.0,204130.0,2.0,3.3,0.0,0.0,7.0,0.0,74.25
26.0,0.0,205890.0,205996.0,1.0,3.6,0.0,0.0,7.0,0.0,48.6
26.0,0.0,207284.0,207362.0,1.0,3.0,0.0,1.0,7.0,0.0,72.0
26.0,0.0,208700.0,208798.0,2.0,3.4,0.0,3.0,7.0,0.0,76.5
26.0,0.0,210900.0,211008.0,2.0,3.4,0.0,3.0,7.0,0.0,56.1
26.0,0.0,212330.0,212424.0,2.0,3.4,0.0,3.0,7.0,0.0,86.7
26.0,0.0,216186.0,216292.0,1.0,3.0,0.0,3.0,5.0,0.0,22.5
26.0,0.0,218114.0,218186.0,2.0,3.2,0.0,2.0,7.0,0.0,81.6
26.0,0.0,219910.0,219990.0,2.0,3.2,0.0,2.0,7.0,0.0,76.8
26.0,0.0,221634.0,221734.0,2.0,3.4,0.0,3.0,7.0,0.0,76.5
26.0,0.0,223312.0,223414.0,2.0,3.4,0.0,3.0,7.0,0.0,40.8
26.0,0.0,225228.0,225344.0,2.0,3.4,0.0,3.0,7.0,0.0,68.0
26.0,0.0,226994.0,227088.0,2.0,3.3,0.0,0.0,7.0,0.0,75.9
26.0,0.0,228570.0,228648.0,2.0,3.2,0.0,2.0,7.0,0.0,76.8
26.0,0.0,230176.0,230260.0,2.0,3.2,0.0,2.0,7.0,0.0,73.6
26.0,0.0,231716.0,231810.0,2.0,3.2,0.0,2.0,7.0,0.0,67.2
26.0,0.0,233404.0,233514.0,2.0,3.7,0.0,1.0,9.0,0.0,79.55
26.0,0.0,235630.0,235720.0,1.0,2.9,0.0,1.0,5.0,2.0,56.55
26.0,0.0,237468.0,237566.0,2.0,3.3,0.0,0.0,7.0,0.0,64.35
26.0,0.0,239338.0,239446.0,2.0,3.4,0.0,3.0,7.0,0.0,39.1
26.0,0.0,241080.0,241160.0,2.0,3.7,0.0,1.0,9.0,0.0,68.45
26.0,0.0,242528.0,242582.0,0.0,3.2,1.0,0.0,4.0,3.0,67.2
26.0,0.0,244388.0,244484.0,1.0,3.6,0.0,0.0,5.0,5.0,79.2
26.0,0.0,246010.0,246108.0,2.0,3.4,0.0,3.0,7.0,0.0,71.4
26.0,0.0,247550.0,247632.0,2.0,3.3,0.0,0.0,7.0,0.0,67.65
26.0,0.0,249096.0,249178.0,2.0,3.3,0.0,0.0,7.0,0.0,66.0
26.0,0.0,250502.0,250586.0,2.0,3.3,0.0,0.0,7.0,0.0,72.6
26.0,0.0,252278.0,252350.0,1.0,3.6,0.0,0.0,7.0,0.0,102.6
26.0,0.0,254706.0,254764.0,0.0,2.7,1.0,0.0,4.0,1.0,44.55
26.0,0.0,256436.0,256526.0,1.0,2.9,0.0,1.0,5.0,2.0,56.55
26.0,0.0,258338.0,258434.0,1.0,3.2,0.0,0.0,5.0,3.0,68.8
26.0,0.0,260016.0,260120.0,1.0,3.6,0.0,0.0,5.0,5.0,61.2
26.0,0.0,261728.0,261826.0,1.0,3.2,0.0,0.0,5.0,3.0,72.0
26.0,0.0,263432.0,263516.0,2.0,3.7,0.0,1.0,9.0,0.0,70.3
26.0,0.0,265138.0,265228.0,2.0,3.2,0.0,2.0,7.0,0.0,78.4
26.0,0.0,266612.0,266688.0,1.0,3.2,0.0,0.0,5.0,3.0,70.4
26.0,0.0,268270.0,268358.0,1.0,3.2,0.0,0.0,5.0,3.0,68.8
26.0,0.0,269848.0,269950.0,1.0,3.6,0.0,0.0,5.0,5.0,72.0
26.0,0.0,271628.0,271724.0,2.0,3.4,0.0,3.0,7.0,0.0,93.5
